1577750400000,7240.80,7240.80,7211,7213.37,667.323,1577750459999,4821422.60428,1311,91.623,662073.28786,0
1577750460000,7213.37,7218.91,7190,7209.39,1441.546,1577750519999,10385128.25017,3011,436.919,3148481.59279,0
1577750520000,7209.75,7211.33,7200,7204.20,231.494,1577750579999,1667882.20628,544,87.671,631833.19646,0
1577750580000,7204.02,7213.14,7201.78,7213.14,168.962,1577750639999,1217717.21548,396,90.144,649748.83193,0
1577750640000,7213.14,7215,7203.72,7204.16,187.776,1577750699999,1353954.64244,379,72.884,525596.38896,0
1577750700000,7204.16,7212.35,7202.57,7212.35,140.858,1577750759999,1014937.47748,256,104.691,754380.45006,0
1577750760000,7211.89,7211.90,7209.98,7210.34,60.984,1577750819999,439719.90745,97,29.377,211825.08969,0
1577750820000,7210.71,7218.32,7210.57,7216.33,70.625,1577750879999,509490.38085,126,60.891,439264.16130,0
1577750880000,7216.50,7216.55,7211.97,7213.40,156.954,1577750939999,1132292.46351,142,36.124,260625.07507,0
1577750940000,7213.06,7213.81,7212.25,7213.53,51.877,1577750999999,374204.03473,64,32.684,235761.99632,0
1577751000000,7213.53,7213.53,7205,7206.80,101.637,1577751059999,732747.14541,187,36.084,260065.02900,0
1577751060000,7207,7211.83,7206.79,7210.92,69.100,1577751119999,498117.10049,127,58.051,418459.38210,0
1577751120000,7210.44,7212.44,7207.83,7211.94,51.236,1577751179999,369447.47081,85,25.429,183367.69736,0
1577751180000,7212,7227.51,7212,7221.66,239.222,1577751239999,1727242.30730,346,203.138,1466580.42386,0
1577751240000,7221.68,7228.67,7221.68,7224.17,114.030,1577751299999,824014.41915,194,86.629,626029.92210,0
1577751300000,7224.17,7225,7216.58,7218.43,108.684,1577751359999,784817.68984,145,20.666,149220.03633,0
1577751360000,7218.43,7229,7218.43,7227.40,185.081,1577751419999,1337180.82476,192,175.236,1266070.17957,0
1577751420000,7227.65,7227.88,7221.18,7226.21,106.980,1577751479999,772904.63879,151,56.033,404825.30879,0
1577751480000,7226.21,7227.04,7220.41,7223.30,149.409,1577751539999,1079373.12039,176,26.203,189325.59976,0
1577751540000,7223.30,7224.06,7222.78,7223.47,34.423,1577751599999,248651.73582,56,25.317,182874.92364,0
1577751600000,7223.52,7224.40,7223.52,7224,17.274,1577751659999,124787.58455,25,12.227,88329.13424,0
1577751660000,7223.97,7223.99,7216.51,7216.51,41.986,1577751719999,303187.15045,81,3.845,27762.40172,0
1577751720000,7216.51,7217.23,7209,7209,140.605,1577751779999,1014002.43683,177,36.393,262495.66561,0
1577751780000,7209,7215,7208.62,7215,136.840,1577751839999,986739.77017,163,102.194,736891.98889,0
1577751840000,7215,7216.93,7210.05,7210.18,104.873,1577751899999,756461.28580,111,28.233,203662.34171,0
1577751900000,7210,7213.95,7210,7211.41,71.730,1577751959999,517315.15476,84,57.731,416362.76929,0
1577751960000,7212.07,7213.52,7211.31,7212.46,8.879,1577752019999,64038.90056,41,7.647,55153.97564,0
1577752020000,7212.46,7212.57,7212.08,7212.57,7.744,1577752079999,55853.71330,26,6.322,45597.58497,0
1577752080000,7212.56,7213.94,7211,7213.87,53.593,1577752139999,386518.65094,95,28.035,202194.28090,0
1577752140000,7213.95,7215.81,7213.82,7215.26,19.805,1577752199999,142879.99169,52,15.724,113439.28421,0
1577752200000,7215,7216,7214.68,7216,20.210,1577752259999,145828.02886,36,18.632,134442.66576,0
1577752260000,7216,7222,7215.99,7221.11,69.435,1577752319999,501167.89266,356,61.772,445843.53475,0
1577752320000,7221.70,7222,7217.94,7219.90,96.947,1577752379999,700008.44481,112,36.874,266267.94198,0
1577752380000,7219.90,7223.95,7219.90,7223.95,61.750,1577752439999,445937.54442,111,56,404403.04703,0
1577752440000,7223.92,7227.91,7223.92,7227.26,33.770,1577752499999,243990.88514,61,33.152,239524.61540,0
1577752500000,7227.92,7233.36,7227.92,7228.06,114.435,1577752559999,827510.97217,177,32.049,231734.70992,0
1577752560000,7228.06,7231.32,7228.06,7230.18,54.761,1577752619999,395902.21045,200,35.810,258895.27603,0
1577752620000,7230.18,7230.64,7225.36,7226.33,56.151,1577752679999,405858.40254,177,16.034,115893.18672,0
1577752680000,7226.35,7226.90,7225.71,7226.71,60.748,1577752739999,438982.49058,81,49.080,354670.04141,0
1577752740000,7226.91,7230.20,7226.91,7227,62.078,1577752799999,448753.55141,125,21.439,154965.13543,0
1577752800000,7227,7229.39,7227,7229.06,15.390,1577752859999,111243.36372,30,10.839,78348.64042,0
1577752860000,7229.24,7230.61,7226.85,7226.85,85.564,1577752919999,618574.11862,70,35.539,256946.70465,0
1577752920000,7226.85,7228.03,7226.54,7227.78,17.443,1577752979999,126067.00215,23,5.829,42128.10873,0
1577752980000,7227.95,7233.28,7227.95,7232.14,72.226,1577753039999,522160.72011,96,69.639,503453.30344,0
1577753040000,7232.55,7232.55,7230.88,7231.68,28.570,1577753099999,206614.18819,36,6.805,49212.84401,0
1577753100000,7231.68,7232.04,7227.86,7230.37,117.113,1577753159999,846774.64513,138,63.083,456101.03344,0
1577753160000,7230.37,7232,7229.71,7232,15.802,1577753219999,114256.71813,37,7.993,57797.98694,0
1577753220000,7232,7233.59,7231,7233.23,29.386,1577753279999,212522.94809,59,19.447,140647.77151,0
1577753280000,7233.23,7235,7232.35,7232.35,74.058,1577753339999,535727.60841,139,31.818,230183.56807,0
1577753340000,7232.35,7235.61,7232.23,7235.26,41.298,1577753399999,298744.83864,62,32.147,232558.14705,0
1577753400000,7234.63,7238.55,7234.62,7238.55,24.603,1577753459999,178044.25046,84,22.913,165816.13186,0
1577753460000,7238.54,7239.92,7236.46,7239.92,44.778,1577753519999,324122.35063,96,25.144,182012.62094,0
1577753520000,7239.52,7239.52,7231.94,7231.94,64.489,1577753579999,466659.63018,121,1.558,11271.97263,0
1577753580000,7231.21,7236.63,7230.54,7236.63,66.676,1577753639999,482338.07185,93,55.677,402795.59686,0
1577753640000,7236.76,7237.95,7233.97,7234.07,15.675,1577753699999,113436.40304,50,0.329,2381.15085,0
1577753700000,7234.08,7235.01,7234.08,7234.80,5.286,1577753759999,38242.70744,16,1.157,8370.33990,0
1577753760000,7234.96,7238.37,7234.13,7238.31,48.860,1577753819999,353542.98346,60,47.838,346149.68366,0
1577753820000,7238.34,7239.29,7237.74,7238.93,15.831,1577753879999,114594.00631,30,2.565,18567.45937,0
1577753880000,7239,7248.94,7239,7248.94,113.940,1577753939999,825251.83883,272,87.989,637289.85908,0
1577753940000,7248.94,7250,7245.94,7246.97,134.631,1577753999999,975847.53735,262,68.622,497401.11874,0
1577754000000,7247.35,7250,7246.62,7249.15,79.760,1577754059999,578137.79122,155,39.270,284664.83122,0
1577754060000,7249.15,7249.15,7242.68,7242.68,53.016,1577754119999,384173.17858,106,4.338,31438.14285,0
1577754120000,7243.65,7243.65,7241.11,7242.26,16.320,1577754179999,118198.25822,58,7.173,51950.26155,0
1577754180000,7241.59,7242.20,7239.67,7239.67,27.630,1577754239999,200061.50964,57,6.591,47730.26055,0
1577754240000,7239.67,7242.20,7239.67,7240.64,19.626,1577754299999,142105.70779,55,9.358,67760.75664,0
1577754300000,7240.70,7248,7240.70,7247.50,44.945,1577754359999,325547.64650,60,41.862,303213.11851,0
1577754360000,7247.46,7258,7247.46,7257.94,212.422,1577754419999,1540690.68892,407,155.158,1125246.83108,0
1577754420000,7257.83,7258,7252.94,7256.73,124.263,1577754479999,901682.75475,202,49.765,361146.94259,0
1577754480000,7257.21,7264.99,7256.09,7259.64,173.078,1577754539999,1256470.74048,321,130.319,946047.79437,0
1577754540000,7259.64,7260.33,7251.54,7258.02,95.103,1577754599999,690217.13600,159,28.907,209757.77815,0
1577754600000,7258.02,7258.82,7256.19,7258.64,26.724,1577754659999,193946.44826,50,17.381,126143.25956,0
1577754660000,7257.86,7258.14,7257.08,7257.08,26.444,1577754719999,191922.19983,49,6.070,44054.86850,0
1577754720000,7257.08,7257.08,7249.41,7253.73,73.662,1577754779999,534331.74150,135,24.663,178899.84725,0
1577754780000,7252.82,7253.32,7251.92,7251.92,9.995,1577754839999,72490.25350,42,5.240,38004.04812,0
1577754840000,7251.96,7254.80,7251.96,7254.54,40.085,1577754899999,290760.44146,58,37.725,273639.99937,0
1577754900000,7254.10,7258.96,7253.66,7258.95,31.710,1577754959999,230095.89891,84,22.735,164971.26889,0
1577754960000,7258.78,7258.96,7252,7252.03,69.556,1577755019999,504745.84923,95,7.253,52645.01199,0
1577755020000,7252.06,7253.21,7249.32,7249.32,29.532,1577755079999,214145.99177,58,3.868,28053.97062,0
1577755080000,7249.38,7251.98,7247.88,7251.93,108.308,1577755139999,785156.32145,168,70.475,510911.44014,0
1577755140000,7252.21,7252.21,7247.44,7247.60,54.172,1577755199999,392738.66168,82,2.747,19914.49394,0
1577755200000,7247.57,7247.59,7246.34,7247,36.004,1577755259999,260927.19747,131,7.363,53360.01525,0
1577755260000,7246.97,7247.47,7244.60,7246.75,51.612,1577755319999,373991.89044,105,38.011,275444.11341,0
1577755320000,7246.75,7247.23,7246.51,7247.18,27.369,1577755379999,198339.86300,80,4.526,32799.77589,0
1577755380000,7247.24,7247.43,7243.64,7244.52,57.453,1577755439999,416267.56416,94,2.777,20122.98747,0
1577755440000,7244.29,7244.29,7237.65,7239.69,92.270,1577755499999,668205.02347,197,15.762,114148.49350,0
1577755500000,7239.45,7242.32,7237.53,7240,66.993,1577755559999,485012.07831,116,31.764,229988.42472,0
1577755560000,7239.98,7240.93,7239.97,7240.91,18.919,1577755619999,136980.84687,32,17.210,124606.96466,0
1577755620000,7240.96,7242.27,7240.91,7240.91,20.383,1577755679999,147603.20186,39,13.043,94450.42580,0
1577755680000,7240.92,7241.60,7239.49,7241.58,87.158,1577755739999,631078.24325,69,23.196,167960.57272,0
1577755740000,7241.70,7243.77,7241.70,7243.30,23.431,1577755799999,169698.79469,41,20.371,147535.40613,0
1577755800000,7243.38,7244.74,7243.05,7244.42,11.444,1577755859999,82897.24609,26,4.294,31105.53155,0
1577755860000,7244.49,7244.61,7240.87,7240.87,34.751,1577755919999,251714.19031,45,0.841,6091.90247,0
1577755920000,7241.01,7241.87,7239.59,7241.35,30.558,1577755979999,221255.70563,51,23.306,168751.42748,0
1577755980000,7241.34,7242.81,7240.96,7242.72,21.464,1577756039999,155442.95487,43,13.898,100648.26984,0
1577756040000,7242.72,7244.09,7242.33,7244.09,14.042,1577756099999,101715.16584,32,11.950,86560.78650,0
1577756100000,7244.25,7248.66,7244.25,7247,92.850,1577756159999,672827.96782,128,44.630,323386.82332,0
1577756160000,7247.25,7248.47,7246.17,7248.28,25.373,1577756219999,183888.98260,40,18.786,136156.13897,0
1577756220000,7248.93,7250,7248.77,7249.99,22.080,1577756279999,160065.44943,50,19.995,144950.03614,0
1577756280000,7249.95,7249.95,7243.94,7247,77.035,1577756339999,558330.36537,73,19.169,138898.74246,0
1577756340000,7247.14,7247.66,7247.14,7247.27,2.196,1577756399999,15915.46199,6,1.278,9262.50948,0
1577756400000,7247.07,7247.07,7243.70,7244.07,26.853,1577756459999,194537.42280,40,11.337,82124.31240,0
1577756460000,7244.06,7244.06,7244,7244,10.325,1577756519999,74794.36957,26,2.002,14502.53460,0
1577756520000,7244.01,7244.01,7242.92,7242.92,6.757,1577756579999,48947.68603,22,0.731,5295.37131,0
1577756580000,7242.92,7242.92,7242.63,7242.63,2.455,1577756639999,17780.71561,16,2.281,16520.47769,0
1577756640000,7242.63,7246.84,7242.63,7246.52,49.500,1577756699999,358576.02964,63,48.477,351164.77718,0
1577756700000,7246.80,7247.77,7246.56,7247.51,12.121,1577756759999,87843.70242,25,11.713,84886.83614,0
1577756760000,7247.51,7250.07,7247.50,7249.87,23.771,1577756819999,172316.28886,51,23.287,168808.31173,0
1577756820000,7249.53,7251.62,7249.53,7251.51,16.797,1577756879999,121784.51905,34,14.353,104065.43063,0
1577756880000,7251.61,7251.62,7247.04,7247.04,58.645,1577756939999,425155.42839,65,1.005,7287.31482,0
1577756940000,7247.09,7247.59,7246.72,7246.94,5.072,1577756999999,36757.08475,19,4.537,32880.05596,0
1577757000000,7246.87,7250.81,7246.13,7250.19,57.065,1577757059999,413590.47921,61,56.964,412858.61936,0
1577757060000,7249.78,7250.81,7249.10,7250.81,2.017,1577757119999,14623.72578,12,1.448,10498.89079,0
1577757120000,7251.47,7252,7251.46,7252,9.158,1577757179999,66413.32222,25,3.111,22560.83434,0
1577757180000,7251.99,7253.59,7251.98,7253.59,4.838,1577757239999,35088.63712,29,3.316,24051.11744,0
1577757240000,7252.56,7252.86,7252.55,7252.61,12.326,1577757299999,89395.45155,31,7.141,51790.79491,0
1577757300000,7252.60,7257,7252.57,7256.69,64.829,1577757359999,470312.03666,79,60.373,437988.70518,0
1577757360000,7256.69,7262,7256.69,7260.24,44.234,1577757419999,321095.81800,120,35.033,254312.72354,0
1577757420000,7260.79,7262,7258.52,7261.59,56.238,1577757479999,408326.62350,110,29.999,217820.27234,0
1577757480000,7261.59,7262,7260.23,7260.40,74.575,1577757539999,541489.18978,100,14.752,107117.40999,0
1577757540000,7260.87,7260.88,7260.23,7260.23,22.673,1577757599999,164618.28423,36,5.705,41423.11565,0
1577757600000,7260,7260.34,7257.84,7259.51,87.481,1577757659999,635086.50401,169,11.254,81702.39011,0
1577757660000,7259.56,7259.63,7257.99,7258,17.313,1577757719999,125669.23614,32,6.197,44982.20280,0
1577757720000,7258,7258.82,7256,7257,50.139,1577757779999,363870.09171,93,11.431,82961.82893,0
1577757780000,7257,7257,7253.01,7253.06,24.946,1577757839999,180985.87154,65,1.158,8400.00453,0
1577757840000,7253.20,7258.18,7253.20,7258.18,65.364,1577757899999,474210.83331,77,61.702,447636.84835,0
1577757900000,7258.91,7260.12,7257.17,7257.54,66.144,1577757959999,480116.86778,69,43.606,316527.31124,0
1577757960000,7257.54,7259.05,7257.54,7259.05,13.943,1577758019999,101203.34247,32,11.040,80132.65656,0
1577758020000,7259.05,7259.05,7257.52,7257.67,16.440,1577758079999,119330.55651,33,4.968,36060.32469,0
1577758080000,7257.66,7257.69,7254.55,7254.55,19.024,1577758139999,138049.01745,40,0.340,2467.45810,0
1577758140000,7254.55,7256.78,7254.39,7255.94,44.050,1577758199999,319609.78145,60,31.262,226814.39282,0
1577758200000,7255.97,7257.34,7255.97,7257.34,40.405,1577758259999,293182.38904,18,40.155,291368.39354,0
1577758260000,7257.57,7257.57,7257.30,7257.30,11.224,1577758319999,81457.84475,19,2.536,18404.53816,0
1577758320000,7257.31,7257.31,7257.30,7257.31,4.493,1577758379999,32607.09163,11,2.882,20915.56742,0
1577758380000,7257.31,7257.34,7257.28,7257.34,14.528,1577758439999,105434.37194,44,7.837,56875.71766,0
1577758440000,7258.14,7258.54,7258.03,7258.44,7.960,1577758499999,57776.19649,31,3.698,26841.92371,0
1577758500000,7258.46,7258.46,7254.59,7256.05,42.664,1577758559999,309599.06509,58,6.031,43761.40988,0
1577758560000,7255.55,7256,7255.52,7255.52,1.660,1577758619999,12044.81500,7,1.010,7328.51000,0
1577758620000,7255.60,7255.60,7246.15,7247.03,80.457,1577758679999,583324.78916,121,4.941,35828.35794,0
1577758680000,7248.04,7253.35,7247.85,7252.32,89.231,1577758739999,647013.94522,98,79.323,575163.63548,0
1577758740000,7252.18,7252.19,7247.82,7248,72.614,1577758799999,526461.45843,89,4.045,29324.54157,0
1577758800000,7248,7248,7240.69,7242.60,58.051,1577758859999,420594.40862,118,9.730,70496.49940,0
1577758860000,7242.67,7243.69,7242.22,7242.68,12.966,1577758919999,93917.00491,44,5.875,42554.19859,0
1577758920000,7242.68,7243.08,7241.09,7241.40,14.852,1577758979999,107560.85161,59,4.477,32423.27181,0
1577758980000,7241.41,7241.41,7237.53,7237.58,106.347,1577759039999,769850.34500,160,23.056,166905.93808,0
1577759040000,7237.81,7242.93,7236.68,7240,125.816,1577759099999,910870.10880,157,74.050,536064.57942,0
1577759100000,7240.25,7240.87,7240,7240.04,11.933,1577759159999,86396.99720,48,2.980,21575.79353,0
1577759160000,7240.08,7240.92,7237.19,7237.24,31.635,1577759219999,228999.22773,89,5.385,38976.60508,0
1577759220000,7237.24,7239.68,7237.24,7239.63,40.743,1577759279999,294926.22983,59,39.796,288071.68037,0
1577759280000,7240.43,7242.88,7240.18,7242.88,59.604,1577759339999,431636.76063,54,56.971,412572.40021,0
1577759340000,7241.75,7241.80,7238.11,7240,90.573,1577759399999,655739.70728,73,5.345,38701.56884,0
1577759400000,7239.65,7240,7235,7236.55,98.885,1577759459999,715654.12675,200,23.582,170654.01728,0
1577759460000,7237.01,7239.14,7235.81,7239.14,47.903,1577759519999,346719.17950,73,46.078,333512.61848,0
1577759520000,7239.92,7240.04,7237.55,7238.23,47.954,1577759579999,347099.46124,206,18.212,131819.06076,0
1577759580000,7238.23,7238.45,7236.54,7237.66,64.703,1577759639999,468281.80094,178,26.421,191213.88534,0
1577759640000,7237.67,7238.53,7235.90,7236.01,38.382,1577759699999,277790.91083,115,13.075,94631.71835,0
1577759700000,7236.01,7238.24,7235.71,7237.72,14.200,1577759759999,102760.31855,120,10.021,72521.16479,0
1577759760000,7237.71,7238.33,7235.91,7235.96,50.659,1577759819999,366612.52039,111,27.302,197575.52560,0
1577759820000,7235.96,7236.06,7233.95,7235.45,84.606,1577759879999,612135.19047,103,5.075,36721.29201,0
1577759880000,7234.72,7234.72,7231,7232.68,69.053,1577759939999,499415.02464,107,21.526,155681.89792,0
1577759940000,7232.65,7233.18,7232,7233,42.534,1577759999999,307623.72620,55,24.245,175350.49412,0
1577760000000,7232.81,7232.82,7226.19,7227.66,132.601,1577760059999,958583.40042,229,25.892,187141.13654,0
1577760060000,7227.21,7227.21,7219,7224.78,179.096,1577760119999,1293529.04098,333,103.537,747785.59743,0
1577760120000,7224.40,7227.73,7224.36,7225.30,63.517,1577760179999,458975.37374,62,54.945,397039.39071,0
1577760180000,7225.30,7230.53,7225.30,7230.53,44.104,1577760239999,318747.66375,80,42.553,307534.59066,0
1577760240000,7230.36,7230.53,7229.42,7230,34.058,1577760299999,246240.80800,45,17.383,125680.73563,0
1577760300000,7229.66,7237.91,7229.66,7235.57,132.037,1577760359999,955018.85966,167,116.474,842438.12424,0
1577760360000,7236.87,7241.60,7236.66,7241.60,80.554,1577760419999,583153.11535,133,68.391,495099.73603,0
1577760420000,7241,7241.01,7234.88,7237.30,82.290,1577760479999,595638.60198,114,22.352,161791.50123,0
1577760480000,7237.27,7239.07,7237.20,7239.07,22.784,1577760539999,164917.06664,22,20.058,145188.21596,0
1577760540000,7239.25,7240,7239,7240,30.059,1577760599999,217615.95398,44,26.548,192199.17407,0
1577760600000,7240.01,7240.10,7239.62,7240.10,9.536,1577760659999,69040.63463,19,1.189,8608.46540,0
1577760660000,7239.64,7241.74,7239.64,7240.81,17.090,1577760719999,123739.43392,25,13.723,99362.35285,0
1577760720000,7240.81,7242.30,7240.81,7241.35,24.934,1577760779999,180563.67027,25,23.957,173488.93548,0
1577760780000,7241.14,7241.14,7238.23,7239.77,39.288,1577760839999,284445.71561,44,1.055,7638.68735,0
1577760840000,7239.81,7240,7237.65,7238.61,67.736,1577760899999,490340.28077,49,22.081,159838.85696,0
1577760900000,7238.03,7238.86,7237.01,7238.86,39.170,1577760959999,283490.68750,26,39.117,283107.10813,0
1577760960000,7239.10,7240.69,7239.10,7240.51,52.101,1577761019999,377197.11515,40,44.912,325147.80262,0
1577761020000,7240.51,7241.11,7240.51,7241.11,13.179,1577761079999,95427.55077,49,11.850,85804.23151,0
1577761080000,7241.12,7242.29,7241.12,7242.05,21.704,1577761139999,157176.48935,38,11.985,86791.10842,0
1577761140000,7242.04,7242.08,7242.04,7242.06,5.622,1577761199999,40714.86779,12,4.325,31321.94147,0
1577761200000,7242.05,7242.05,7240.82,7242.05,17.773,1577761259999,128708.03502,34,4.990,36137.18987,0
1577761260000,7242.05,7242.58,7241.58,7242.58,35.065,1577761319999,253942.40935,46,23.793,172312.49431,0
1577761320000,7242.64,7243.77,7242.64,7243.77,35.591,1577761379999,257795.77425,52,28.633,207396.86664,0
1577761380000,7243.32,7243.50,7240.69,7240.69,25.641,1577761439999,185703.61133,37,4.400,31870.65540,0
1577761440000,7240.69,7240.76,7238.62,7238.62,18.217,1577761499999,131889.09956,40,1.585,11475.59812,0
1577761500000,7238.37,7238.37,7236.35,7236.35,10.851,1577761559999,78532.33004,31,2.487,17999.64023,0
1577761560000,7237.25,7240.81,7237.24,7240.81,48.864,1577761619999,353698.21879,64,47.886,346618.95563,0
1577761620000,7241,7242.85,7241,7242.85,4.812,1577761679999,34849.91625,25,3.542,25652.12264,0
1577761680000,7242.81,7244.73,7242.61,7243.08,66.015,1577761739999,478187.33050,52,58.019,420268.33726,0
1577761740000,7243.67,7244.43,7243.65,7244.43,6.239,1577761799999,45195.16289,11,2.792,20225.58888,0
1577761800000,7244.43,7245,7243.98,7245,33.391,1577761859999,241908.64072,49,31.130,225527.97228,0
1577761860000,7245,7245,7244.18,7244.27,4.498,1577761919999,32585.56213,16,1.422,10302.30612,0
1577761920000,7244.68,7244.94,7244.27,7244.27,5.529,1577761979999,40057.08154,8,5.524,40020.86019,0
1577761980000,7244.94,7244.99,7244,7244,20.954,1577762039999,151808.76037,23,9.327,67573.71488,0
1577762040000,7243.99,7244,7242.15,7242.99,18.206,1577762099999,131872.46162,40,2.957,21417.19858,0
1577762100000,7242.99,7244.98,7242.98,7244.98,40.717,1577762159999,294928.19243,41,38.429,278356.16312,0
1577762160000,7244.97,7244.99,7244.66,7244.98,5.423,1577762219999,39289.20021,13,4.880,35355.31649,0
1577762220000,7244.98,7245,7242.62,7242.84,35.247,1577762279999,255317.75292,34,12.412,89908.44654,0
1577762280000,7242.63,7244.86,7242.63,7243.43,9.195,1577762339999,66603.11959,24,7.928,57425.93654,0
1577762340000,7243.20,7243.51,7243.14,7243.40,3.037,1577762399999,21997.73601,7,0.664,4809.65979,0
1577762400000,7242.70,7242.73,7240.67,7240.68,3.261,1577762459999,23612.56434,16,0.148,1071.91995,0
1577762460000,7240.46,7240.54,7239.88,7239.88,5.631,1577762519999,40770.99910,21,1.391,10071.50251,0
1577762520000,7239.54,7239.57,7237.17,7237.17,42.271,1577762579999,305986.80881,65,8.095,58602.83578,0
1577762580000,7237.17,7237.17,7231.34,7234.03,146.143,1577762639999,1057147.22849,185,70.835,512330.72101,0
1577762640000,7234.59,7235,7222.05,7227.61,186.654,1577762699999,1349172.23282,259,39.002,281865.97307,0
1577762700000,7227.61,7229.77,7223.32,7227.44,79.768,1577762759999,576395.28016,193,46.007,332469.65720,0
1577762760000,7227.45,7228.78,7222.64,7224.26,74.259,1577762819999,536591.92323,114,16.487,119138.22535,0
1577762820000,7224.10,7225.82,7223.45,7225.43,33.369,1577762879999,241073.91131,56,31.314,226228.03573,0
1577762880000,7225.43,7225.43,7222.73,7222.73,53.582,1577762939999,387076.50661,89,8.086,58414.85363,0
1577762940000,7223.01,7227.73,7223.01,7227.73,53.629,1577762999999,387454.65890,70,50.397,364107.22824,0
1577763000000,7227.74,7229.20,7227.74,7229.20,23.686,1577763059999,171221.23678,50,9.565,69140.83603,0
1577763060000,7229.47,7229.47,7225.47,7225.47,56.580,1577763119999,408960.84830,57,14.836,107211.73972,0
1577763120000,7225.07,7225.40,7224,7224,15.393,1577763179999,111212.92307,41,2.100,15172.87000,0
1577763180000,7224,7224,7214.31,7220.01,180.547,1577763239999,1303514.93018,252,40.136,289761.15192,0
1577763240000,7221.15,7225.19,7221.12,7224.01,83.882,1577763299999,605887.95473,103,57.006,411750.87806,0
1577763300000,7224.01,7224.58,7221.49,7224.58,50.602,1577763359999,365504.33835,80,26.349,190323.54961,0
1577763360000,7224.31,7224.31,7223.27,7224.24,27.874,1577763419999,201352.63729,38,16.758,121053.91386,0
1577763420000,7224.24,7225.73,7224.24,7225.73,20.763,1577763479999,150007.95009,33,18.983,137147.36405,0
1577763480000,7225.68,7233.23,7225.55,7232.67,56.100,1577763539999,405589.28670,97,48.512,350730.41716,0
1577763540000,7232.10,7234,7231.31,7234,29.378,1577763599999,212486.42350,53,23.843,172455.30527,0
1577763600000,7234,7235.96,7232.14,7235.33,15.435,1577763659999,111653.89807,47,5.600,40512.57487,0
1577763660000,7235.33,7236.85,7235.11,7235.83,41.449,1577763719999,299928.10280,50,29.665,214658.22132,0
1577763720000,7235.83,7237,7234.46,7236,62.837,1577763779999,454700.00637,69,37.184,269085.95348,0
1577763780000,7235.60,7236,7235.60,7236,18.181,1577763839999,131552.33969,32,2.101,15202.20880,0
1577763840000,7236,7236,7231.52,7233.09,32.355,1577763899999,234049.50704,47,4.758,34409.58554,0
1577763900000,7233.14,7233.14,7231.89,7232.17,9.866,1577763959999,71358.05077,24,0.054,390.58678,0
1577763960000,7232.60,7233,7230.15,7230.15,36.800,1577764019999,266124.31037,51,17.424,126008.83956,0
1577764020000,7230.15,7230.15,7225.68,7226.75,61.774,1577764079999,446492.95848,131,15.471,111808.83956,0
1577764080000,7226.64,7230.21,7226.64,7228.62,32.404,1577764139999,234248.96453,48,29.638,214254.97908,0
1577764140000,7228.61,7230.20,7228.36,7229.72,20.648,1577764199999,149265.48945,40,9.968,72058.65306,0
1577764200000,7229.59,7230.96,7229.55,7230.11,15.267,1577764259999,110385.35022,22,13.417,97010.29056,0
1577764260000,7229.97,7229.97,7226.39,7226.39,43.961,1577764319999,317753.32421,55,20.129,145493.78045,0
1577764320000,7226.09,7226.09,7221,7224.90,109.778,1577764379999,792962.09184,163,20.373,147167.58694,0
1577764380000,7225.24,7227.42,7225.24,7225.47,29.103,1577764439999,210298.67910,50,24.471,176827.89884,0
1577764440000,7225.47,7229.92,7225.47,7229.71,32.150,1577764499999,232350.25585,51,31.921,230694.77289,0
1577764500000,7229.73,7230,7228.77,7229.13,2.232,1577764559999,16135.96672,12,0.904,6535.91865,0
1577764560000,7230.03,7235,7230,7235,27.257,1577764619999,197124.45008,60,25.192,182188.65244,0
1577764620000,7235.06,7238.60,7235.06,7238.60,46.935,1577764679999,339662.86657,93,43.345,313684.34492,0
1577764680000,7237.94,7239.28,7237.88,7239.12,11.153,1577764739999,80733.96257,35,9.853,71324.14767,0
1577764740000,7238.14,7239.27,7232.69,7232.69,65.297,1577764799999,472544.86194,85,5.111,36987.51668,0
1577764800000,7232.69,7232.69,7223.24,7227.27,98.479,1577764859999,711719.03806,156,23.243,167960.42080,0
1577764860000,7227.27,7236.27,7227.27,7230.93,109.663,1577764919999,793054.79971,132,69.711,504047.18040,0
1577764920000,7230.93,7232.55,7229.81,7232.55,10.196,1577764979999,73724.39358,36,1.825,13196.87465,0
1577764980000,7232.60,7234.88,7232.03,7234.37,34.345,1577765039999,248423.38591,40,34.329,248307.65144,0
1577765040000,7234.37,7234.37,7230.91,7232.01,36.066,1577765099999,260869.70964,41,9.615,69534.13945,0
1577765100000,7232.46,7234.35,7232.46,7233.18,19.952,1577765159999,144325.65773,17,6.962,50363.14755,0
1577765160000,7233.31,7233.31,7227,7228.95,52.966,1577765219999,382948.24543,63,20.373,147269.28277,0
1577765220000,7229,7233.44,7229,7233.44,43.219,1577765279999,312537.40539,53,43.218,312530.17442,0
1577765280000,7233.44,7234.04,7233.01,7233.22,2.728,1577765339999,19731.84791,14,0.751,5432.17520,0
1577765340000,7233.61,7235.24,7233.61,7235.24,15.955,1577765399999,115433.89899,14,15.815,114420.98779,0
1577765400000,7235.24,7239.45,7235.07,7239.45,96.053,1577765459999,695161.53612,58,83.617,605170.13008,0
1577765460000,7237.42,7239.51,7237.41,7238.53,7.023,1577765519999,50836.67521,29,4.386,31749.93949,0
1577765520000,7238.21,7246.02,7237.91,7243.75,116.577,1577765579999,844348.51370,237,85.248,617370.38969,0
1577765580000,7243.75,7245.51,7241.33,7244.34,54.136,1577765639999,392154.49412,101,33.832,245081.99539,0
1577765640000,7245.56,7247.25,7243.29,7244.99,53.404,1577765699999,386959.64841,128,31.077,225200.53177,0
1577765700000,7245,7247.25,7245,7247.20,47.007,1577765759999,340627.55124,150,31.854,230826.66824,0
1577765760000,7247.24,7247.25,7242.23,7242.23,58.221,1577765819999,421850.00260,76,10.260,74349.55064,0
1577765820000,7242.16,7244.11,7242.13,7243.72,51.381,1577765879999,372128.60402,102,26.327,190678.03084,0
1577765880000,7243.13,7244.90,7242.75,7243.34,8.691,1577765939999,62958.85048,25,2.891,20943.74588,0
1577765940000,7243.36,7243.36,7242.95,7242.96,10.166,1577765999999,73635.22570,27,2.564,18571.84459,0
1577766000000,7242.96,7243.35,7242.11,7242.26,11.952,1577766059999,86569.00188,28,7.181,52013.24348,0
1577766060000,7242.10,7242.11,7241.74,7241.75,6.509,1577766119999,47137.11080,27,1.396,10109.55725,0
1577766120000,7241.40,7241.40,7241.20,7241.20,6.276,1577766179999,45445.89710,17,0.012,86.89450,0
1577766180000,7241.19,7241.19,7240.85,7240.91,7.802,1577766239999,56494.67863,25,2.656,19232.27864,0
1577766240000,7240.90,7241,7240.82,7240.82,3.122,1577766299999,22606.27881,15,2.682,19420.28791,0
1577766300000,7240.80,7244.58,7240.65,7244.57,43.665,1577766359999,316229.21273,68,42.557,308206.11540,0
1577766360000,7244.58,7244.58,7241.62,7242.95,37.001,1577766419999,268012.24386,58,4.448,32218.17743,0
1577766420000,7243.49,7246.50,7243.49,7245.70,24.508,1577766479999,177564.63086,43,22.542,163321.43489,0
1577766480000,7246.34,7249,7246.33,7249,26.796,1577766539999,194211.95899,102,15.716,113904.95375,0
1577766540000,7248.75,7257,7248.75,7256.96,126.011,1577766599999,913857.18312,265,105.740,766839.32652,0
1577766600000,7256.97,7256.98,7249.35,7249.83,90.230,1577766659999,654520.04943,154,9.686,70231.54762,0
1577766660000,7249.38,7250.56,7247.26,7248.34,24.476,1577766719999,177421.21619,48,14.291,103592.66426,0
1577766720000,7248.34,7250,7248.33,7249.64,66.831,1577766779999,484447.93467,64,59.153,428784.55886,0
1577766780000,7249.96,7250.01,7249.32,7249.94,21.720,1577766839999,157463.50581,38,13.873,100574.44031,0
1577766840000,7249.94,7249.98,7247.54,7247.54,21.501,1577766899999,155858.80952,39,2.363,17130.99304,0
1577766900000,7247.38,7247.47,7246.95,7246.96,5.061,1577766959999,36678.26944,13,3.128,22669.78221,0
1577766960000,7246.95,7246.96,7246.41,7246.41,8.968,1577767019999,64990.01905,11,0.817,5920.62467,0
1577767020000,7246.44,7246.93,7246,7246.17,9.443,1577767079999,68426.62759,22,2.143,15529.93048,0
1577767080000,7246.42,7246.42,7246.14,7246.15,6.601,1577767139999,47832.33758,12,5.573,40383.17516,0
1577767140000,7246.14,7246.19,7245.79,7245.79,10.990,1577767199999,79634.35706,21,3.803,27557.24224,0
1577767200000,7246.17,7248.62,7246.17,7248,23.636,1577767259999,171300.23335,46,23.090,167342.94969,0
1577767260000,7247.99,7250.61,7247.95,7250.16,27.478,1577767319999,199205.08722,50,22.328,161872.53557,0
1577767320000,7250.15,7250.15,7246.97,7247.54,40.433,1577767379999,293094.45261,50,1.617,11719.65494,0
1577767380000,7247.92,7248.70,7247,7248,11.339,1577767439999,82182.10787,21,1.107,8024.23946,0
1577767440000,7248,7248.13,7248,7248,1.602,1577767499999,11611.29957,11,0.101,732.05143,0
1577767500000,7248.03,7248.34,7247,7247.23,13.774,1577767559999,99827.92642,26,2.225,16126.97827,0
1577767560000,7247,7247,7245.34,7245.36,25.887,1577767619999,187578.24140,48,1.071,7760.32678,0
1577767620000,7245.36,7246.25,7244.60,7246.25,18.255,1577767679999,132259.61331,46,12.465,90312.22805,0
1577767680000,7246.40,7248.95,7246.40,7247.35,6.222,1577767739999,45093.02458,22,6.068,43976.74386,0
1577767740000,7247.42,7248.03,7246.46,7246.50,4.926,1577767799999,35699.80666,12,1.104,8001.64188,0
1577767800000,7246.38,7246.39,7238.60,7240.19,74.795,1577767859999,541693.55942,192,9.830,71172.79271,0
1577767860000,7240.61,7243.54,7240.24,7243.54,47.278,1577767919999,342357.26469,78,42.421,307189.20838,0
1577767920000,7243.54,7243.54,7237.15,7239.80,103.533,1577767979999,749633.76180,141,22.447,162481.33252,0
1577767980000,7239.79,7241.91,7236.31,7241.91,46.779,1577768039999,338608.07111,67,36.177,261875.69604,0
1577768040000,7241.96,7241.96,7238.38,7238.98,40.874,1577768099999,295913.03397,57,10.667,77220.94254,0
1577768100000,7239.30,7240.44,7239.29,7239.97,1.817,1577768159999,13154.94731,12,1.472,10657.19313,0
1577768160000,7239.97,7242.35,7239.97,7240.93,37.338,1577768219999,270364.68452,55,21.665,156880.03336,0
1577768220000,7240.09,7240.09,7236.69,7236.69,19.587,1577768279999,141775.48253,65,1.686,12203.14120,0
1577768280000,7236.68,7239.36,7236.68,7238.35,37.869,1577768339999,274091.63287,64,32.110,232415.53259,0
1577768340000,7238.35,7239.20,7236.01,7236.01,46.851,1577768399999,339055.48390,51,3.421,24756.16368,0
1577768400000,7236,7240.11,7236,7240.11,52.404,1577768459999,379302.85385,65,51.445,372361.38485,0
1577768460000,7240,7240,7235.99,7236,42.204,1577768519999,305452.04805,64,3.395,24566.80100,0
1577768520000,7236,7238.19,7235.59,7237.88,28.948,1577768579999,209471.39368,40,19.973,144530.80712,0
1577768580000,7238,7240,7238,7239.97,7.134,1577768639999,51644.62685,25,6.443,46641.81476,0
1577768640000,7240,7242.13,7240,7241.42,22.219,1577768699999,160880.78846,26,21.628,156601.24937,0
1577768700000,7241.24,7242.58,7241.24,7242.58,4.495,1577768759999,32552.99904,9,4.495,32552.99904,0
1577768760000,7242.41,7243.37,7242.27,7243.37,13.362,1577768819999,96777.79039,35,12.744,92301.98087,0
1577768820000,7243.31,7243.31,7243.29,7243.29,0.165,1577768879999,1195.14383,6,0.052,376.65182,0
1577768880000,7243.24,7243.72,7243.24,7243.72,5.708,1577768939999,41345.23047,17,5.051,36586.40896,0
1577768940000,7244.49,7245.09,7244.49,7244.96,3.250,1577768999999,23546.19707,20,2.690,19489.01435,0
1577769000000,7245,7245.21,7241.38,7241.38,40.680,1577769059999,294683.81347,124,1.341,9714.15403,0
1577769060000,7241.02,7241.02,7238.18,7239.97,32.507,1577769119999,235334.85740,59,6.861,49669.50921,0
1577769120000,7239.75,7242.11,7239.75,7242.11,49.402,1577769179999,357685.26323,44,49.373,357475.28863,0
1577769180000,7242.22,7243.21,7242.10,7242.57,7.914,1577769239999,57315.06740,14,0.828,5996.65118,0
1577769240000,7242.47,7244.77,7242.47,7244.45,20.683,1577769299999,149813.40854,31,19.985,144757.56298,0
1577769300000,7244.48,7244.56,7244.48,7244.56,3.928,1577769359999,28456.42781,7,2.893,20958.30957,0
1577769360000,7244.56,7247.22,7244.48,7247.22,37.731,1577769419999,273373.96832,69,21.369,154832.39424,0
1577769420000,7247.23,7247.64,7246.99,7247.42,3.625,1577769479999,26271.72259,12,1.011,7326.96823,0
1577769480000,7247.43,7248.93,7247.43,7248.93,5.985,1577769539999,43378.41051,21,5.081,36826.42675,0
1577769540000,7248.94,7252.28,7248.94,7252.28,29.079,1577769599999,210854.29254,95,28.899,209548.91414,0
1577769600000,7252.28,7252.28,7248.90,7250.58,57.009,1577769659999,413353.42396,106,8.569,62127.80497,0
1577769660000,7250.61,7252,7250,7250,38.086,1577769719999,276169.37027,51,15.547,112733.50679,0
1577769720000,7250,7250,7247.94,7247.95,23.720,1577769779999,171948.88901,33,0.080,579.90800,0
1577769780000,7247.55,7251,7246.91,7250.96,29.974,1577769839999,217278.58920,43,26.410,191448.33524,0
1577769840000,7251,7252.85,7250.58,7251.01,72.258,1577769899999,524000.13864,72,55.239,400589.16715,0
1577769900000,7251.01,7251.01,7248.81,7248.81,22.258,1577769959999,161374.24796,29,3.247,23540.71997,0
1577769960000,7248.87,7249.27,7248.47,7249.15,20.313,1577770019999,147243.24569,22,5.292,38361.74288,0
1577770020000,7249.51,7252.47,7249.51,7252,33.970,1577770079999,246317.25243,55,21.754,157737.30822,0
1577770080000,7251.46,7251.96,7251.46,7251.96,5.168,1577770139999,37477.26942,27,2.958,21450.96670,0
1577770140000,7251.87,7251.87,7247.61,7248.05,29.830,1577770199999,216293.48755,54,7.506,54422.04534,0
1577770200000,7248.13,7248.37,7246.82,7246.82,3.977,1577770259999,28824.01883,13,1.505,10908.79565,0
1577770260000,7247.31,7247.40,7246.27,7246.54,4.616,1577770319999,33453.07378,7,0.006,43.48440,0
1577770320000,7246.66,7249.13,7246.60,7249.01,18.416,1577770379999,133467.51639,33,11.273,81701.22571,0
1577770380000,7247.64,7248.23,7247.64,7247.96,2.775,1577770439999,20113.35406,7,2.675,19388.55806,0
1577770440000,7248.23,7250.67,7248.23,7250.67,15.185,1577770499999,110083.71507,17,14.965,108488.71891,0
1577770500000,7251,7251,7250.61,7251,9.154,1577770559999,66375.64507,10,9.132,66216.12665,0
1577770560000,7251,7251.84,7250.37,7251.84,28.372,1577770619999,205721.92885,38,6.401,46414.97954,0
1577770620000,7251.90,7254.49,7251.90,7254.49,36.885,1577770679999,267538.19328,90,30.761,223118.12374,0
1577770680000,7254.18,7259,7252.01,7258.70,137.023,1577770739999,994246.87352,237,94.511,685796.56963,0
1577770740000,7258.14,7261.35,7257.38,7257.38,131.280,1577770799999,953037.54959,248,73.816,535874.06472,0
1577770800000,7257.01,7260.20,7256.70,7256.80,34.831,1577770859999,252818.22227,98,9.496,68921.25351,0
1577770860000,7256.80,7256.82,7254,7255.37,30.415,1577770919999,220686.27280,79,0.386,2800.59005,0
1577770920000,7255.38,7255.60,7255.38,7255.59,21.496,1577770979999,155966.22765,19,9.168,66519.34080,0
1577770980000,7255.59,7256.02,7255.59,7256.02,16.511,1577771039999,119799.78894,34,10.991,79748.24087,0
1577771040000,7256,7256.82,7255.18,7256.75,23.061,1577771099999,167333.24343,38,19.905,144433.71273,0
1577771100000,7256.81,7258.48,7256.81,7258.48,18.133,1577771159999,131600.52503,25,15.641,113516.46253,0
1577771160000,7258.58,7259.55,7258.56,7259.55,23.486,1577771219999,170482.02520,34,19.542,141854.18894,0
1577771220000,7259.68,7259.82,7256.56,7256.56,29.073,1577771279999,211024.30658,65,5.082,36892.09144,0
1577771280000,7256.43,7256.43,7249.74,7249.74,49.246,1577771339999,357176.14264,195,3.228,23408.14182,0
1577771340000,7249.93,7253.22,7249.76,7253.02,36.369,1577771399999,263706.23981,73,23.760,172284.66966,0
1577771400000,7253.01,7253.01,7248.87,7250.63,43.599,1577771459999,316115.62674,74,2.090,15151.50725,0
1577771460000,7250.14,7250.65,7250,7250,15.570,1577771519999,112882.80392,12,0.461,3342.50865,0
1577771520000,7248.73,7249.70,7247.60,7249.03,4.665,1577771579999,33815.39636,29,1.492,10816.01166,0
1577771580000,7249.06,7252.29,7248.49,7252.07,34.223,1577771639999,248154.53171,59,28.107,203800.78215,0
1577771640000,7252.34,7256.44,7252.34,7254.83,92.368,1577771699999,670161.59245,130,35.802,259736.85792,0
1577771700000,7254.53,7256.44,7253.99,7256.44,33.697,1577771759999,244479.90119,56,22.456,162924.80618,0
1577771760000,7256.44,7259.22,7256.44,7259.22,46.239,1577771819999,335567.94081,67,44.958,326269.24153,0
1577771820000,7259.22,7260,7257.72,7257.95,54.935,1577771879999,398781.12856,81,10.709,77745.61389,0
1577771880000,7257.22,7258,7256.80,7258,4.925,1577771939999,35742.71007,26,1.300,9435.22174,0
1577771940000,7257.99,7258,7257.45,7257.74,14.066,1577771999999,102088.11538,52,2.377,17252.03407,0
1577772000000,7257.74,7260,7257.74,7259.81,46.369,1577772059999,336602.55060,52,34.376,249541.08639,0
1577772060000,7259.81,7260,7257.70,7259.56,54.875,1577772119999,398355.01484,54,21.373,155166.52808,0
1577772120000,7259.57,7259.57,7254.15,7254.15,42.681,1577772179999,309753.35555,116,1.095,7944.43937,0
1577772180000,7254.26,7255.25,7247.94,7248.89,68.539,1577772239999,497015.97855,131,7.813,56663.54081,0
1577772240000,7248.84,7250.14,7247.94,7250.14,52.325,1577772299999,379280.08328,68,26.252,190290.80937,0
1577772300000,7250.14,7250.14,7247.24,7248.15,15.418,1577772359999,111761.56687,44,5.663,41046.61614,0
1577772360000,7248.16,7251.59,7248.16,7251.28,48.462,1577772419999,351333.52843,60,46.462,336831.92703,0
1577772420000,7251.18,7251.19,7249.68,7249.83,15.645,1577772479999,113433.10747,27,0.008,57.99840,0
1577772480000,7250.04,7253.61,7250.04,7253.29,19.789,1577772539999,143506.19424,25,13.306,96482.40307,0
1577772540000,7252.59,7254,7252.57,7254,3.656,1577772599999,26518.56077,13,0.517,3750.21300,0
1577772600000,7253.76,7254,7251.50,7252.05,34.522,1577772659999,250386.17459,46,0.710,5150.29690,0
1577772660000,7251.50,7251.50,7250.06,7250.62,12.126,1577772719999,87917.82098,23,9.046,65585.83654,0
1577772720000,7250.91,7251.38,7250.91,7251.38,5.180,1577772779999,37560.31010,12,5.022,36414.59364,0
1577772780000,7251.37,7251.37,7250,7250,17.797,1577772839999,129040.25068,34,2.239,16235.21290,0
1577772840000,7250,7250,7246.68,7246.68,7.645,1577772899999,55412.88611,27,0.355,2573.43468,0
1577772900000,7246.77,7248,7246.30,7248,23.869,1577772959999,172984.07923,44,22.866,165715.73949,0
1577772960000,7248.20,7250.20,7248.20,7249.27,25.582,1577773019999,185444.54227,35,22.666,164307.64511,0
1577773020000,7249.59,7249.78,7249.22,7249.58,1.853,1577773079999,13433.25034,9,0.503,3646.60034,0
1577773080000,7249.52,7249.52,7244.59,7244.59,41.512,1577773139999,300818.48698,79,1.607,11644.79148,0
1577773140000,7244.59,7247.59,7244.06,7246.36,73.118,1577773199999,529795.67330,60,68.106,493484.01590,0
1577773200000,7246.36,7246.37,7243.59,7243.63,28.516,1577773259999,206592.40540,36,3.665,26549.35054,0
1577773260000,7243.63,7246.02,7243.04,7243.10,48.115,1577773319999,348571.34205,149,36.760,266314.96513,0
1577773320000,7243.10,7246.86,7243,7244.76,28.897,1577773379999,209373.38488,121,26.307,190609.43188,0
1577773380000,7245.26,7246.38,7244.46,7244.93,17.734,1577773439999,128483.39931,54,2.114,15317.60321,0
1577773440000,7245,7246.76,7244.32,7246.76,21.591,1577773499999,156439.14584,39,19.870,143971.40289,0
1577773500000,7246.76,7246.86,7246.01,7246.86,2.132,1577773559999,15449.69586,13,2.094,15174.34684,0
1577773560000,7246.50,7246.70,7245.39,7245.68,11.947,1577773619999,86567.76042,27,0.286,2072.46827,0
1577773620000,7246.36,7246.36,7243.89,7243.90,25.041,1577773679999,181427.85645,56,0.522,3781.34934,0
1577773680000,7243.90,7246.32,7243.90,7246.25,54.255,1577773739999,393060.49594,63,52.643,381381.18116,0
1577773740000,7246.25,7247.67,7246.01,7247.67,4.390,1577773799999,31810.72467,12,1.887,13673.48027,0
1577773800000,7248.55,7251.22,7248.55,7249.60,19.955,1577773859999,144669.95009,31,19.703,142843.15894,0
1577773860000,7249.82,7253.99,7249.82,7253,18.374,1577773919999,133248.27868,89,10.864,78779.70520,0
1577773920000,7253,7253.87,7250.71,7251.69,43.927,1577773979999,318603.09816,45,26.600,192932.26212,0
1577773980000,7252.03,7255.85,7252.03,7253.88,78.253,1577774039999,567649.86347,94,75.508,547738.03755,0
1577774040000,7254.24,7254.68,7252.80,7253.11,2.654,1577774099999,19250.77604,20,1.517,11003.26905,0
1577774100000,7253.10,7253.67,7252.95,7253.67,1.426,1577774159999,10342.91571,11,0.167,1211.30277,0
1577774160000,7253.70,7254.98,7253,7254.98,30.794,1577774219999,223377.05384,55,21.677,157247.55076,0
1577774220000,7254.89,7254.89,7252.02,7252.02,35.877,1577774279999,260218.57234,76,0.097,703.58274,0
1577774280000,7252.01,7252.01,7250.43,7250.44,2.588,1577774339999,18764.85659,33,0,0,0
1577774340000,7250.83,7253.72,7250.83,7253.38,29.504,1577774399999,213952.67793,25,24.762,179564.59725,0
1577774400000,7253.31,7253.50,7253.31,7253.50,1.052,1577774459999,7630.49676,11,0.026,188.58989,0
1577774460000,7253.31,7255.63,7253.31,7254.80,38.415,1577774519999,278684.83883,60,35.145,254964.10770,0
1577774520000,7254.54,7254.80,7253,7253.15,15.248,1577774579999,110604.23977,37,3.933,28530.26852,0
1577774580000,7253.39,7253.41,7253.39,7253.41,0.927,1577774639999,6723.89409,7,0.128,928.43548,0
1577774640000,7253.40,7253.60,7253.40,7253.48,2.870,1577774699999,20817.36202,7,2.170,15739.98202,0
1577774700000,7253.86,7254,7250.55,7250.59,19.805,1577774759999,143641.32609,42,1.122,8138.97300,0
1577774760000,7250.83,7250.84,7250.19,7250.22,5.200,1577774819999,37702.76097,23,0.023,166.75816,0
1577774820000,7250.10,7250.10,7244.23,7244.64,12.296,1577774879999,89115.26845,84,1.957,14184.83321,0
1577774880000,7244.91,7244.91,7242.30,7242.30,15.275,1577774939999,110658.71212,56,2.370,17169.38220,0
1577774940000,7242.31,7247,7242.30,7244.10,59.300,1577774999999,429617.56635,110,52.274,378709.47044,0
1577775000000,7244.11,7245.24,7243.88,7245,12.444,1577775059999,90154.13469,30,9.098,65914.11613,0
1577775060000,7244.99,7248.09,7244.99,7247.02,26.414,1577775119999,191402.82439,24,21.227,153812.51808,0
1577775120000,7247.63,7248.94,7247.63,7248.94,3.188,1577775179999,23109.07283,10,3.050,22108.81360,0
1577775180000,7248.39,7248.79,7248.38,7248.79,1.280,1577775239999,9277.94463,6,1.260,9132.97440,0
1577775240000,7248.80,7248.80,7243.40,7244.05,43.560,1577775299999,315660.12675,74,5.131,37173.98545,0
1577775300000,7244.02,7244.25,7244,7244.06,22.972,1577775359999,166410.63896,11,20.922,151559.93796,0
1577775360000,7244.05,7244.05,7243.23,7243.23,4.549,1577775419999,32951.00940,18,0.917,6642.51025,0
1577775420000,7243.13,7243.54,7243.04,7243.38,7.916,1577775479999,57336.86093,12,7.086,51325.08193,0
1577775480000,7244,7244,7242.52,7242.75,19.073,1577775539999,138149.70602,26,2.500,18107.39100,0
1577775540000,7242.83,7242.83,7240.91,7240.92,21.867,1577775599999,158370.64496,39,0.200,1448.30315,0
1577775600000,7240.94,7242.25,7237.74,7241.55,98.963,1577775659999,716413.46330,234,37.825,273843.19251,0
1577775660000,7241.56,7249.66,7241.56,7249.48,38.529,1577775719999,279084.14409,97,37.477,271457.72475,0
1577775720000,7249.92,7249.99,7245.31,7245.85,44.837,1577775779999,324970.09974,51,9.414,68218.37853,0
1577775780000,7245.85,7248.97,7245.85,7247.03,69.077,1577775839999,500620.04678,70,36.838,266961.33918,0
1577775840000,7246.71,7247.02,7246.71,7246.91,0.470,1577775899999,3406.04699,5,0.470,3406.04699,0
1577775900000,7246.68,7246.68,7244.05,7244.07,30.297,1577775959999,219524.78509,57,1.579,11438.95752,0
1577775960000,7243.97,7243.97,7243.90,7243.90,2.056,1577776019999,14893.58395,5,1.443,10453.04871,0
1577776020000,7243,7243.15,7241.27,7241.46,8.280,1577776079999,59967.02100,20,2.245,16258.75793,0
1577776080000,7241.45,7241.63,7241.44,7241.62,67.873,1577776139999,491510.16395,67,66.343,480430.53570,0
1577776140000,7241.63,7241.63,7239.54,7239.54,32.783,1577776199999,237373.27548,51,1.161,8407.31185,0
1577776200000,7239.41,7240.59,7237.30,7238.30,27.439,1577776259999,198624.22539,75,10.433,75530.22084,0
1577776260000,7237.82,7238.03,7236,7236.03,22.680,1577776319999,164125.95338,192,7.571,54787.18247,0
1577776320000,7236.20,7237.67,7235,7237.67,90.684,1577776379999,656140.00147,243,26.401,191034.98107,0
1577776380000,7237.67,7238.40,7237,7238.40,24.706,1577776439999,178814.10945,78,20.037,145022.50848,0
1577776440000,7238.40,7239.46,7236.63,7238.22,43.163,1577776499999,312424.28202,73,15.636,113182.78213,0
1577776500000,7238.19,7238.21,7232.02,7232.02,114.505,1577776559999,828457.87295,175,6.264,45321.92652,0
1577776560000,7232.05,7235.28,7232,7235.13,68.607,1577776619999,496251.30135,140,53.865,389633.14921,0
1577776620000,7235.14,7236.77,7234.15,7236,35.772,1577776679999,258837.94760,101,21.948,158814.87984,0
1577776680000,7236,7237.76,7235.30,7237,15.808,1577776739999,114393.81027,67,10.556,76391.34054,0
1577776740000,7237.12,7238.28,7237.12,7238,7.598,1577776799999,54994.50622,46,4.961,35908.15030,0
1577776800000,7238,7238.10,7236.85,7236.85,8.711,1577776859999,63048.51610,42,1.258,9105.43115,0
1577776860000,7237.06,7237.10,7235.65,7235.65,16.496,1577776919999,119369.49730,37,0.193,1396.76030,0
1577776920000,7235.65,7235.65,7231.73,7233.56,39.596,1577776979999,286388.54124,68,18.766,135724.98807,0
1577776980000,7233.56,7235.11,7232.27,7235.11,68.426,1577777039999,494943.17597,85,52.299,378297.51929,0
1577777040000,7235.97,7236.80,7234.92,7234.92,25.068,1577777099999,181387.10774,51,5.259,38056.12665,0
1577777100000,7234.64,7236.58,7234.64,7236.58,7.646,1577777159999,55321.88657,35,3.654,26439.81528,0
1577777160000,7236.58,7238.29,7236.16,7238,28.114,1577777219999,203467.65036,81,24.533,177550.60544,0
1577777220000,7238,7238.26,7233.03,7233.09,76.352,1577777279999,552507.24082,127,8.875,64213.07845,0
1577777280000,7233.10,7236.52,7233.10,7235.21,23.736,1577777339999,171719.02792,65,20.402,147601.22378,0
1577777340000,7235.30,7237.60,7235.30,7237.60,22.146,1577777399999,160260.94112,59,20.520,148493.30215,0
1577777400000,7237.59,7238.47,7237.59,7238.45,5.441,1577777459999,39382.28502,43,4.459,32274.91144,0
1577777460000,7238.09,7238.88,7238.09,7238.88,6.669,1577777519999,48273.98523,34,6.663,48230.55620,0
1577777520000,7238.83,7241,7238.83,7240.67,52.467,1577777579999,379841.01864,66,47.749,345680.71344,0
1577777580000,7240.69,7241.63,7240.64,7241.63,63.250,1577777639999,458030.61397,41,56.274,407513.33027,0
1577777640000,7241.62,7241.63,7241.62,7241.63,10.725,1577777699999,77666.48168,9,10.723,77651.99844,0
1577777700000,7241.62,7241.62,7241.09,7241.61,22.971,1577777759999,166340.40769,25,0.553,4004.61586,0
1577777760000,7241.61,7241.63,7240.88,7241,10.681,1577777819999,77343.76587,20,3.219,23310.46021,0
1577777820000,7240.99,7240.99,7238,7239.15,44.415,1577777879999,321557.66598,74,14.897,107838.93536,0
1577777880000,7238.92,7238.92,7238.62,7238.68,8.836,1577777939999,63962.24037,7,0.055,398.12740,0
1577777940000,7239.19,7239.20,7238.68,7239.19,3.949,1577777999999,28587.21071,10,3.699,26777.50671,0
1577778000000,7239.19,7239.20,7238.68,7238.68,6.549,1577778059999,47407.36402,10,0.462,3344.51040,0
1577778060000,7239,7240.55,7238.70,7240.55,7.850,1577778119999,56834.67922,27,7.755,56146.96978,0
1577778120000,7241.03,7241.63,7241,7241.63,15.739,1577778179999,113974.23756,20,14.125,102286.97309,0
1577778180000,7241.39,7241.39,7240.43,7240.73,7.754,1577778239999,56146.36526,22,1.681,12171.76685,0
1577778240000,7240.99,7241,7240.22,7240.59,3.788,1577778299999,27428.24501,8,2.685,19442.01546,0
1577778300000,7240.62,7240.62,7240,7240.53,12.473,1577778359999,90305.89198,29,0.059,427.19434,0
1577778360000,7240.86,7240.87,7240.73,7240.73,3.731,1577778419999,27015.30960,10,2.144,15524.24059,0
1577778420000,7240.83,7240.87,7240,7240,12.315,1577778479999,89163.81625,21,0.898,6501.77914,0
1577778480000,7239.79,7240,7239.79,7239.99,3.173,1577778539999,22972.42292,15,1.728,12510.72000,0
1577778540000,7239.99,7243.89,7239.99,7243.89,92.834,1577778599999,672302.32731,139,92.043,666572.94767,0
1577778600000,7243.88,7246.50,7243.77,7246.07,23.814,1577778659999,172547.98506,72,5.889,42666.39979,0
1577778660000,7246.07,7246.07,7241.22,7241.22,60.025,1577778719999,434845.93653,69,4.049,29330.74363,0
1577778720000,7241.27,7241.48,7241.27,7241.47,7.596,1577778779999,55005.63296,32,7.427,53781.85193,0
1577778780000,7241.47,7243.11,7241.47,7242.98,10.513,1577778839999,76136.82822,30,10.511,76122.34226,0
1577778840000,7243.45,7243.46,7241.01,7241.01,17.206,1577778899999,124607.54517,42,0.288,2085.41088,0
1577778900000,7240.89,7243.06,7240.89,7243.06,16.646,1577778959999,120550.43386,24,16.646,120550.43386,0
1577778960000,7243.55,7244.58,7243.55,7244.58,13.659,1577779019999,98941.94618,26,13.294,96297.84498,0
1577779020000,7244.52,7244.99,7244.16,7244.91,7.591,1577779079999,54992.73969,30,6.073,43995.41835,0
1577779080000,7244.90,7246.66,7244.90,7245.95,45.804,1577779139999,331873.43800,52,37.639,272711.52030,0
1577779140000,7246.52,7246.53,7245,7245.69,12.252,1577779199999,88772.81692,21,1.282,9289.65848,0
1577779200000,7245.69,7246.21,7243.22,7243.22,57.846,1577779259999,419097.97149,69,5.438,39402.92323,0
1577779260000,7243.87,7243.87,7242.13,7242.13,1.089,1577779319999,7887.22120,19,0.258,1868.84967,0
1577779320000,7242.10,7243.20,7241.56,7242,8.923,1577779379999,64622.73885,24,5.076,36761.23393,0
1577779380000,7241.99,7242.41,7241.90,7242.41,7.171,1577779439999,51933.06128,17,6.544,47392.33775,0
1577779440000,7241.91,7243.70,7241.71,7243.70,23.203,1577779499999,168051.46598,37,21.618,156572.59956,0
1577779500000,7243.57,7245.50,7243.15,7244.42,15.198,1577779559999,110098.56758,28,6.464,46829.90150,0
1577779560000,7244.53,7244.93,7244.50,7244.51,10.174,1577779619999,73705.91084,18,2.411,17466.80367,0
1577779620000,7244.30,7244.30,7242.75,7243,25.070,1577779679999,181593.41230,29,2.482,17976.70879,0
1577779680000,7243,7243,7242.80,7242.85,2.254,1577779739999,16325.58318,9,1.180,8546.72098,0
1577779740000,7242.80,7242.81,7242.13,7242.13,5.698,1577779799999,41268.45288,7,2.904,21033.12024,0
1577779800000,7242.13,7242.13,7241,7241,5.432,1577779859999,39336.82495,18,0.354,2563.33524,0
1577779860000,7241,7241.36,7240.63,7240.63,7.185,1577779919999,52025.93602,18,0.109,789.28274,0
1577779920000,7240.27,7240.32,7237,7237,66.102,1577779979999,478466.16493,118,0.421,3046.84613,0
1577779980000,7237.01,7237.01,7235,7235.21,13.374,1577780039999,96776.45718,50,4.599,33275.30558,0
1577780040000,7235,7235,7230.53,7232.98,126.955,1577780099999,918238.94017,199,56.870,411293.95574,0
1577780100000,7233,7237.43,7232,7234.16,127.894,1577780159999,925263.02535,177,61.060,441744.16980,0
1577780160000,7234.16,7235.48,7233.30,7233.32,14.798,1577780219999,107054.53285,31,5.257,38033.89184,0
1577780220000,7233.32,7233.50,7227.27,7229.23,127.270,1577780279999,920255.41558,208,14.074,101782.12755,0
1577780280000,7229.23,7233.45,7228.55,7233.30,70.967,1577780339999,513153.56154,110,64.661,467554.28602,0
1577780340000,7233.30,7233.33,7230,7230.01,37.603,1577780399999,271941.02453,86,2.062,14913.31776,0
1577780400000,7230.10,7232.52,7226.61,7231.60,61.384,1577780459999,443725.47748,153,34.197,247204.65527,0
1577780460000,7231.62,7233.45,7228.12,7229.30,115.899,1577780519999,837982.34955,143,24.770,179103.32862,0
1577780520000,7230.37,7232.15,7227.41,7227.42,79.774,1577780579999,576716.99623,107,11.290,81638.08569,0
1577780580000,7227.43,7231.58,7226.92,7229.78,60.987,1577780639999,440802.20904,82,47.209,341220.10088,0
1577780640000,7229.79,7229.79,7225.96,7225.96,46.197,1577780699999,333902.97475,86,4.996,36112.75141,0
1577780700000,7225.89,7226.27,7222,7222.47,191.421,1577780759999,1382912.57707,312,38.596,278804.67125,0
1577780760000,7222.21,7227.18,7221.25,7226.91,68.827,1577780819999,497222.00311,151,46.004,332346.21160,0
1577780820000,7226.92,7228.57,7226.67,7228.57,25.478,1577780879999,184125.85018,47,17.001,122863.75786,0
1577780880000,7228.56,7230,7228.56,7230,31.099,1577780939999,224837.77359,52,29.293,211781.12076,0
1577780940000,7230,7230,7225.77,7226.27,52.261,1577780999999,377777.07065,94,9.275,67054.32738,0
1577781000000,7226.24,7229.69,7225.04,7228.31,13.028,1577781059999,94156.25442,33,4.866,35162.81006,0
1577781060000,7227.59,7227.59,7226.24,7226.24,13.195,1577781119999,95360.46069,31,6.088,43997.09516,0
1577781120000,7226.24,7228.71,7225,7228.71,45.121,1577781179999,326093.53281,52,35.524,256730.53343,0
1577781180000,7228.89,7232.15,7228.89,7232.15,67.661,1577781239999,489237.12169,69,65.551,473979.49242,0
1577781240000,7231.94,7232.15,7229.44,7231.20,31.073,1577781299999,224678.42508,62,9.279,67094.47647,0
1577781300000,7231.20,7232.46,7230,7230,23.667,1577781359999,171147.95783,39,13.258,95879.12420,0
1577781360000,7230.07,7230.10,7228.01,7228.02,19.534,1577781419999,141224.05964,40,1.103,7974.36590,0
1577781420000,7228.01,7230.36,7228.01,7230.07,32.002,1577781479999,231354.18753,47,24.235,175202.28455,0
1577781480000,7230.02,7235,7230.02,7234.90,27.595,1577781539999,199573.99712,75,25.560,184858.44968,0
1577781540000,7234.91,7236.90,7233.56,7233.56,49.634,1577781599999,359138.16176,91,31.401,227201.55332,0
1577781600000,7233.55,7234.22,7233.46,7234.22,10.511,1577781659999,76032.19927,32,2.516,18199.88914,0
1577781660000,7233.46,7234.09,7230.88,7234.09,20.096,1577781719999,145341.45220,37,4.760,34422.34892,0
1577781720000,7234.24,7234.29,7233.70,7234.23,3.560,1577781779999,25754.04826,9,0.010,72.34240,0
1577781780000,7233.59,7234.90,7232.01,7232.01,13.937,1577781839999,100818.77134,26,1.590,11501.78864,0
1577781840000,7231.03,7231.56,7231.03,7231.41,3.199,1577781899999,23133.65686,41,0,0,0
1577781900000,7231.41,7231.41,7230,7230.16,17.199,1577781959999,124363.53800,61,6.052,43761.19762,0
1577781960000,7230,7230.95,7229.15,7229.32,19.019,1577782019999,137510.29678,59,5.810,42009.03119,0
1577782020000,7229.84,7232.70,7229.84,7232.53,46.810,1577782079999,338511.60738,65,34.952,252748.67740,0
1577782080000,7233,7233.05,7229.64,7229.64,24.361,1577782139999,176169.95755,39,15.307,110692.98718,0
1577782140000,7231.28,7233.56,7231.28,7233.24,8.168,1577782199999,59072.71057,24,5.661,40938.96082,0
1577782200000,7233.25,7234.91,7231.32,7232.34,32.171,1577782259999,232693.68957,56,16.725,120981.61342,0
1577782260000,7232.89,7233.29,7232.51,7232.68,1.967,1577782319999,14227.50961,13,1.940,14032.23059,0
1577782320000,7232.55,7232.55,7230.80,7230.87,23.305,1577782379999,168532.44753,49,3.857,27893.37578,0
1577782380000,7230.70,7230.70,7225,7225.91,57.583,1577782439999,416181.56072,137,13.989,101085.47806,0
1577782440000,7225.90,7227.52,7223.89,7226.10,73.294,1577782499999,529599.11668,148,46.331,334755.24277,0
1577782500000,7226.54,7227.34,7226.04,7227.33,15.332,1577782559999,110797.09474,31,8.176,59083.47494,0
1577782560000,7227.38,7230.86,7227.08,7230.29,35.973,1577782619999,260039.04265,58,33.900,245056.54611,0
1577782620000,7230.24,7230.68,7230.01,7230.01,7.958,1577782679999,57539.82119,20,1.637,11835.77550,0
1577782680000,7230,7230,7227.35,7227.83,33.155,1577782739999,239663.44840,57,2.435,17599.60605,0
1577782740000,7227.72,7227.72,7224.96,7224.96,24.759,1577782799999,178902.06783,38,0.020,144.52628,0
1577782800000,7225.48,7226.35,7223.89,7225.26,31.873,1577782859999,230283.00555,45,8.980,64887.42004,0
1577782860000,7225,7225,7223,7223.34,24.151,1577782919999,174456.11086,56,2.957,21360.20342,0
1577782920000,7223.69,7223.70,7221.73,7222.78,41.399,1577782979999,299015.51013,57,3.156,22796.62872,0
1577782980000,7222.80,7223.49,7220,7220,100.456,1577783039999,725350.06289,153,14.231,102776.98174,0
1577783040000,7220,7222.58,7217,7219.12,243.546,1577783099999,1758157.55483,356,31.540,227724.34494,0
1577783100000,7219.21,7220.07,7215,7218.01,274.245,1577783159999,1979144.16929,406,93.909,677679.17774,0
1577783160000,7217.13,7222.47,7216.96,7222.45,63.966,1577783219999,461858.81825,138,55.618,401583.34888,0
1577783220000,7222.45,7233,7222.45,7229.40,94.189,1577783279999,680951.80313,192,47.648,344418.82164,0
1577783280000,7229.40,7230,7223.21,7230,105.484,1577783339999,762418.22915,175,47.844,345829.53119,0
1577783340000,7230,7230,7228.04,7230,38.388,1577783399999,277524.47279,54,29.192,211051.29392,0
1577783400000,7229.99,7235.06,7229.55,7235,74.319,1577783459999,537515.37293,131,60.107,434743.02850,0
1577783460000,7235.30,7235.32,7232,7234.37,74.500,1577783519999,538905.33189,114,28.507,206206.63086,0
1577783520000,7234.37,7234.40,7233.36,7233.82,5.980,1577783579999,43259.35473,29,3.713,26860.68702,0
1577783580000,7233.83,7235,7233.82,7235,16.617,1577783639999,120214.85285,44,13.960,100992.77889,0
1577783640000,7235,7235.13,7230.49,7230.49,60.819,1577783699999,439959.75794,90,4.395,31797.90900,0
1577783700000,7230.09,7235.41,7230.01,7235.04,63.826,1577783759999,461629.63242,117,61.985,448317.77378,0
1577783760000,7234.64,7236.69,7232.30,7235.79,65.360,1577783819999,472806.73550,108,39.820,288066.00012,0
1577783820000,7236.58,7238.27,7236.05,7237,43.160,1577783879999,312365.01521,97,30.370,219798.17953,0
1577783880000,7236.90,7237,7235.62,7236.87,28.451,1577783939999,205887.74536,52,15.327,110915.92609,0
1577783940000,7236.87,7236.96,7235.73,7236,20.228,1577783999999,146377.20560,41,0.858,6208.56947,0
1577784000000,7236.04,7236.04,7235.99,7236.02,2.383,1577784059999,17243.43496,22,1.258,9102.92365,0
1577784060000,7236.03,7238.66,7236.03,7238.66,59.028,1577784119999,427190.88753,61,54.379,393544.54067,0
1577784120000,7238.58,7238.58,7236,7236,45.217,1577784179999,327246.84773,67,2.351,17015.75379,0
1577784180000,7236,7236,7233.60,7233.60,10.496,1577784239999,75935.63571,27,0.810,5860.54008,0
1577784240000,7232.81,7233.03,7231.33,7231.54,15.289,1577784299999,110572.99538,34,2.111,15268.20413,0
1577784300000,7230.95,7230.95,7228.49,7228.49,38.097,1577784359999,275417.46674,44,1.894,13691.70143,0
1577784360000,7228.36,7229.71,7224.24,7229.71,97.570,1577784419999,705098.65092,138,53.869,389323.44712,0
1577784420000,7230.04,7230.90,7229.40,7230.08,8.362,1577784479999,60457.45873,27,6.414,46372.73718,0
1577784480000,7230.31,7234.99,7229.96,7234.20,157.589,1577784539999,1139769.04077,117,41.298,298692.65711,0
1577784540000,7234.22,7235,7228.66,7228.66,68.581,1577784599999,496018.87821,107,10.679,77229.68030,0
1577784600000,7228.70,7228.70,7227.20,7227.20,10.248,1577784659999,74068.32228,20,4.388,31714.32958,0
1577784660000,7227.50,7229.89,7225.86,7229.82,64.556,1577784719999,466607.45589,98,55.730,402822.35019,0
1577784720000,7229.44,7230.92,7229.44,7230.12,11.986,1577784779999,86660.49330,29,8.500,61457.49302,0
1577784780000,7230.01,7230.20,7230.01,7230.17,4.387,1577784839999,31718.51781,12,1.387,10028.15781,0
1577784840000,7230.20,7230.32,7228.45,7229.47,45.250,1577784899999,327128.66437,62,14.543,105136.40921,0
1577784900000,7229.47,7229.47,7226.91,7227.01,19.407,1577784959999,140263.15354,51,13.334,96371.09058,0
1577784960000,7227.33,7230,7227.33,7230,32.442,1577785019999,234502.26156,59,32.166,232507.45294,0
1577785020000,7230.08,7230.55,7230.08,7230.50,4.307,1577785079999,31140.77053,11,3.977,28754.77723,0
1577785080000,7230.35,7230.55,7230.14,7230.25,2.370,1577785139999,17136.14406,17,1.736,12552.15496,0
1577785140000,7230.37,7230.37,7227,7227.05,23.334,1577785199999,168669.52420,39,0.034,245.72036,0
1577785200000,7227.05,7227.05,7226.66,7226.68,2.799,1577785259999,20228.03391,16,0.527,3808.63189,0
1577785260000,7226.67,7226.67,7222.14,7222.83,18.410,1577785319999,132978.92953,76,9.096,65699.90358,0
1577785320000,7222.82,7226.13,7220.85,7226.13,106.625,1577785379999,770098.28164,153,75.429,544808.45834,0
1577785380000,7226.11,7226.79,7225.78,7226.79,5.974,1577785439999,43169.69097,32,4.459,32222.22576,0
1577785440000,7226.75,7227.90,7226.13,7227,23.225,1577785499999,167848.36258,52,22.153,160100.95449,0
1577785500000,7227,7229.11,7226.11,7226.11,27.877,1577785559999,201482.67694,73,6.012,43456.19531,0
1577785560000,7226.15,7227.12,7225.20,7225.99,25.386,1577785619999,183440.53227,35,4.657,33652.38489,0
1577785620000,7225.98,7228.51,7225.98,7228.51,17.840,1577785679999,128917.73311,23,17.485,126351.93997,0
1577785680000,7228.40,7228.40,7222.24,7222.24,49.238,1577785739999,355840.12697,95,4.129,29830.39380,0
1577785740000,7222.24,7225.82,7221.11,7221.11,88.688,1577785799999,640618.68010,111,38.986,281631.12328,0
1577785800000,7221.11,7221.11,7217.48,7219.99,124.466,1577785859999,898532.27692,165,30.240,218298.09332,0
1577785860000,7220,7226,7220,7225.68,49.375,1577785919999,356681.84511,85,36.848,266169.45944,0
1577785920000,7225.67,7225.69,7220.84,7222.23,59.556,1577785979999,430176.89595,104,6.527,47136.47924,0
1577785980000,7222.75,7222.75,7217,7220,51.130,1577786039999,369150.47699,104,9.611,69387.47262,0
1577786040000,7219.66,7221.19,7217,7218.05,85.334,1577786099999,616002.81166,159,23.327,168405.56939,0
1577786100000,7218.04,7221.43,7217,7220.33,39.517,1577786159999,285293.29869,67,37.030,267340.93505,0
1577786160000,7220.32,7221.53,7219.20,7220.21,51.271,1577786219999,370185.95133,76,21.785,157299.95002,0
1577786220000,7220.21,7221.60,7220.21,7221.60,16.560,1577786279999,119577.86458,26,14.795,106832.96658,0
1577786280000,7221.19,7224.24,7221.19,7224.24,38.122,1577786339999,275332.48781,56,34.957,252476.84019,0
1577786340000,7224.24,7224.55,7223.54,7224.34,20.142,1577786399999,145510.47732,31,2.192,15835.84770,0
1577786400000,7224.34,7224.34,7222.38,7223.15,25.020,1577786459999,180728.27723,45,4.318,31188.32288,0
1577786460000,7223.16,7224,7222.17,7222.19,10.452,1577786519999,75492.67402,38,2.617,18903.45007,0
1577786520000,7222.19,7222.40,7217.44,7218.33,100.581,1577786579999,726211.71203,106,10.977,79248.49070,0
1577786580000,7218.30,7219,7217.34,7218.03,24.022,1577786639999,173394.17592,52,14.174,102311.63607,0
1577786640000,7218,7218.63,7218,7218.58,0.873,1577786699999,6301.70668,21,0.344,2483.17743,0
1577786700000,7218.59,7218.75,7215.22,7215.22,38.401,1577786759999,277150.61241,99,4.302,31052.40134,0
1577786760000,7215.25,7215.26,7211.30,7212.50,98.157,1577786819999,708035.14570,221,9.108,65696.19982,0
1577786820000,7211.85,7216.98,7211.85,7216.20,71.487,1577786879999,515793.89278,108,54.192,391000.37148,0
1577786880000,7216.19,7217.01,7214,7216.15,52.676,1577786939999,380068.47408,79,16.996,122622.50747,0
1577786940000,7215.71,7218,7215.71,7217.83,26.533,1577786999999,191479.50344,53,24.211,174720.46038,0
1577787000000,7218,7218.73,7218,7218.32,8.906,1577787059999,64286.41171,20,7.843,56613.27747,0
1577787060000,7218.38,7218.71,7216.08,7216.09,79.556,1577787119999,574216.49954,109,9.320,67275.59953,0
1577787120000,7216.10,7216.10,7215.17,7216.08,14.725,1577787179999,106256.32749,33,5.979,43144.75617,0
1577787180000,7216.08,7219.60,7216,7219.60,56.606,1577787239999,408554.71987,66,51.927,374780.26742,0
1577787240000,7219.60,7220.67,7219.60,7219.99,37.763,1577787299999,272655.65382,43,25.825,186458.77802,0
1577787300000,7219.99,7225,7219.99,7224.84,31.557,1577787359999,227912.69934,67,30.914,223268.72735,0
1577787360000,7224.83,7226.90,7224.83,7226.83,19.550,1577787419999,141268.21089,68,16.916,122235.56017,0
1577787420000,7226.45,7230,7226.37,7229.79,81.170,1577787479999,586703.84849,154,72.027,520623.06374,0
1577787480000,7229.79,7230,7228.50,7229.70,80.038,1577787539999,578642.76213,102,55.153,398739.93349,0
1577787540000,7229.70,7231,7226.94,7227.40,56.787,1577787599999,410531.43725,122,16.119,116535.17637,0
1577787600000,7227.06,7229.98,7226.34,7229.98,76.590,1577787659999,553573.39373,106,49.181,355484.81265,0
1577787660000,7229.99,7234,7229.99,7234,92.484,1577787719999,668862.17458,114,87.756,634669.92698,0
1577787720000,7233.82,7241.90,7233.82,7238.57,234.006,1577787779999,1694022.06040,425,179.188,1297197.52479,0
1577787780000,7237.80,7241.90,7236.57,7241.09,83.710,1577787839999,605965.80856,198,70.415,509734.65427,0
1577787840000,7240.88,7241.11,7238.28,7240.27,65.610,1577787899999,474986.70044,97,25.894,187457.79947,0
1577787900000,7240.26,7242,7240,7240,152.950,1577787959999,1107619.62463,178,131.580,952873.08640,0
1577787960000,7240,7240.20,7237.80,7239.58,57.252,1577788019999,414437.94376,101,18.318,132601.33816,0
1577788020000,7239.52,7240,7237.58,7237.58,53.270,1577788079999,385640.61843,59,25.257,182858.31440,0
1577788080000,7237.58,7238.27,7235.52,7238.27,43.357,1577788139999,313761.63051,114,22.961,166166.98036,0
1577788140000,7238.27,7238.80,7237.66,7238.13,8.079,1577788199999,58476.91674,27,5.859,42408.04067,0
1577788200000,7238.06,7244.31,7238.06,7242.14,102.156,1577788259999,739685.83084,234,74.619,540279.15308,0
1577788260000,7242.12,7249,7242.11,7248.68,199.782,1577788319999,1447547.63393,317,168.953,1224183.76953,0
1577788320000,7248.68,7249,7243.60,7243.60,78.789,1577788379999,570983.82881,169,10.697,77526.95705,0
1577788380000,7243.30,7243.95,7241.18,7241.55,47.369,1577788439999,343073.95233,110,9.426,68277.32180,0
1577788440000,7241.55,7245,7240.96,7242.10,104.546,1577788499999,757248.67276,176,58.834,426160.92640,0
1577788500000,7242.16,7243.82,7239.58,7240,35.588,1577788559999,257706.87434,91,11.324,82011.64058,0
1577788560000,7240,7240,7238.49,7239.98,51.043,1577788619999,369526.15657,75,29.694,214970.56919,0
1577788620000,7239.99,7240.87,7239.99,7240.51,9.858,1577788679999,71375.70671,35,3.689,26709.10041,0
1577788680000,7240.52,7240.52,7236,7236,59.692,1577788739999,432092.21039,106,9.114,65975.06369,0
1577788740000,7236,7236.61,7235.05,7236.34,28.919,1577788799999,209258.33841,59,14.029,101513.03254,0
1577788800000,7236.34,7239.87,7236,7239.87,19.768,1577788859999,143078.62653,38,19.395,140379.06941,0
1577788860000,7240.43,7240.97,7237.56,7237.56,44.522,1577788919999,322309.70515,61,6.048,43791.19177,0
1577788920000,7237.26,7237.47,7235.01,7237.04,46.848,1577788979999,338995.47357,72,30.413,220066.73518,0
1577788980000,7237.24,7237.50,7236.49,7236.91,4.997,1577789039999,36164.41531,21,3.775,27320.71451,0
1577789040000,7236.91,7236.96,7231.86,7231.86,37.105,1577789099999,268458.76494,87,1.467,10611.61630,0
1577789100000,7231.88,7231.88,7230,7231.65,47.957,1577789159999,346761.21741,90,21.453,155128.23436,0
1577789160000,7231.65,7232.68,7230,7230,10.656,1577789219999,77054.75602,33,2.473,17884.38246,0
1577789220000,7230.01,7230.09,7225.33,7229.13,100.045,1577789279999,723123.17165,159,33.239,240289.71280,0
1577789280000,7229.13,7230.50,7229.12,7230.05,35.850,1577789339999,259187.15407,63,20.954,151493.93373,0
1577789340000,7230.05,7230.99,7230,7230.34,18.985,1577789399999,137265.34529,38,16.481,119161.40362,0
1577789400000,7230.29,7235.52,7230.29,7233.60,70.601,1577789459999,510646.64055,103,53.848,389468.67277,0
1577789460000,7235,7235.89,7234.04,7235.89,3.794,1577789519999,27451.10627,18,3.340,24166.72374,0
1577789520000,7235.90,7238.56,7234.59,7234.61,127.922,1577789579999,925722.21746,130,54.561,394873.12536,0
1577789580000,7234.60,7235.30,7234.41,7235.09,8.576,1577789639999,62044.05101,20,7.767,56191.11800,0
1577789640000,7235.08,7235.08,7234.71,7234.83,8.080,1577789699999,58458.49154,13,1.061,7676.13087,0
1577789700000,7234.84,7237.28,7234.84,7237.28,19.642,1577789759999,142120.96613,34,19.636,142077.55709,0
1577789760000,7237.22,7239.30,7237.22,7237.42,38.364,1577789819999,277687.45344,54,24.820,179654.96000,0
1577789820000,7237.42,7238.16,7237.42,7238.11,8.510,1577789879999,61594.10841,18,6.882,49810.42998,0
1577789880000,7238.15,7238.76,7238.15,7238.76,4.743,1577789939999,34332.85623,16,3.911,28310.66041,0
1577789940000,7239.01,7239.35,7238.76,7239.35,4.974,1577789999999,36006.98289,23,2.283,16527.35367,0
1577790000000,7239.34,7244.51,7239.34,7242.79,101.121,1577790059999,732371.91077,171,50.286,364133.45198,0
1577790060000,7242.79,7242.79,7242.61,7242.69,7.780,1577790119999,56348.27758,37,2.051,14854.82591,0
1577790120000,7242.61,7243.64,7242.61,7243,24.634,1577790179999,178422.35115,86,19.593,141911.22268,0
1577790180000,7243.22,7243.58,7243.02,7243.57,9.824,1577790239999,71158.13441,38,5.917,42858.92438,0
1577790240000,7243.57,7245.20,7243.57,7245.12,41.659,1577790299999,301796.71226,67,31.782,230237.43531,0
1577790300000,7245.13,7249,7245.13,7248.58,54.377,1577790359999,394053.15362,124,45.922,332785.09281,0
1577790360000,7248.58,7250,7244.86,7245.71,115.632,1577790419999,838174.66279,236,54.455,394746.32370,0
1577790420000,7246.58,7247.08,7241.33,7242.48,51.313,1577790479999,371749.08271,88,5.616,40688.46080,0
1577790480000,7242.38,7242.52,7239.27,7239.47,25.835,1577790539999,187057.59021,76,2.527,18298.75992,0
1577790540000,7239.47,7239.48,7237.42,7237.42,12.186,1577790599999,88214.19301,42,3.552,25713.35301,0
1577790600000,7237.42,7237.57,7235.24,7235.25,9.200,1577790659999,66573.76108,44,6.995,50617.63313,0
1577790660000,7235.24,7239.63,7233.23,7239.63,77.897,1577790719999,563662.81713,120,63.854,462061.95032,0
1577790720000,7239.60,7240.58,7235.58,7235.76,40.486,1577790779999,293072.22165,62,5.204,37674.40935,0
1577790780000,7235.55,7236.53,7232.05,7236.20,81.749,1577790839999,591391.78320,102,50.062,362169.96283,0
1577790840000,7236.19,7238.26,7236.19,7237.10,28.453,1577790899999,205931.16915,23,28.139,203658.93349,0
1577790900000,7237.30,7238.63,7237.30,7238.63,4.593,1577790959999,33245.67456,21,4.438,32123.78806,0
1577790960000,7238.85,7240.64,7238.83,7240.64,15.077,1577791019999,109148.54600,36,10.899,78903.91638,0
1577791020000,7240.64,7241.83,7240.64,7241.82,26.964,1577791079999,195255.71615,57,18.203,131810.65174,0
1577791080000,7241.83,7243.02,7241.83,7242.71,25.291,1577791139999,183176.64331,58,9.834,71225.02256,0
1577791140000,7242.45,7243.14,7242.45,7242.85,17.326,1577791199999,125486.91985,40,11.695,84704.12718,0
1577791200000,7243.01,7243.91,7242.85,7242.89,21.049,1577791259999,152468.10370,43,3.749,27155.02304,0
1577791260000,7242.88,7243.87,7242.85,7243.87,13.402,1577791319999,97070.58234,23,11.253,81505.69497,0
1577791320000,7243.86,7244.46,7242.99,7243,19.602,1577791379999,141986.63966,36,6.578,47644.68241,0
1577791380000,7243,7243,7239.89,7239.90,26.815,1577791439999,194200.66073,56,3.694,26753.57170,0
1577791440000,7239.90,7240.91,7239.90,7240.30,7.295,1577791499999,52818.82192,12,3.637,26333.80452,0
1577791500000,7240.33,7241.19,7238.11,7238.33,38.113,1577791559999,275922.13858,61,5.260,38085.92416,0
1577791560000,7237.89,7237.89,7232.20,7236.40,60.231,1577791619999,435791.14979,141,30.332,219450.47135,0
1577791620000,7236.43,7237.62,7236.43,7237.61,13.897,1577791679999,100573.42888,35,10.866,78637.54938,0
1577791680000,7237.61,7237.82,7236.36,7237.75,33.209,1577791739999,240341.87272,58,8.774,63504.06898,0
1577791740000,7237.72,7239.01,7237.72,7239.01,15.312,1577791799999,110829.18543,25,14.263,103236.53500,0
1577791800000,7239.58,7241.22,7239.57,7241.20,8.853,1577791859999,64099.27640,27,7.223,52297.78807,0
1577791860000,7241.22,7242.71,7241.22,7242.71,5.322,1577791919999,38543.04734,19,4.055,29367.54753,0
1577791920000,7242.72,7243,7240,7240,54.655,1577791979999,395813.07576,101,6.790,49172.13976,0
1577791980000,7240.01,7240.01,7239.77,7239.78,6.937,1577792039999,50222.87508,27,5.477,39652.66114,0
1577792040000,7239.79,7239.97,7239.11,7239.74,4.465,1577792099999,32325.62098,19,3.426,24803.70887,0
1577792100000,7239.82,7239.82,7237.23,7237.34,19.085,1577792159999,138151.90574,56,8.831,63924.95251,0
1577792160000,7237.23,7237.34,7236.27,7236.49,5.387,1577792219999,38984.64115,25,2.123,15363.92499,0
1577792220000,7236.97,7238.28,7236.95,7238.26,9.957,1577792279999,72063.63180,25,9.328,67511.30141,0
1577792280000,7238.87,7240,7238.87,7240,17.317,1577792339999,125364.18258,31,17.125,123974.13451,0
1577792340000,7240,7241.38,7240,7241.06,10.574,1577792399999,76562.54407,21,10.563,76482.89689,0
1577792400000,7241.06,7249.50,7241.06,7247.73,249.868,1577792459999,1810337.42984,280,243.190,1761940.70223,0
1577792460000,7247.93,7250,7247.93,7248.62,45.198,1577792519999,327646.41638,118,30.005,217512.63094,0
1577792520000,7248.62,7248.64,7244.38,7244.72,63.471,1577792579999,459987.45723,102,0.683,4948.92258,0
1577792580000,7244.69,7245.91,7243.50,7245.91,64.345,1577792639999,466164.61303,71,57.336,415391.13017,0
1577792640000,7246.65,7247.83,7245.69,7247.34,15.761,1577792699999,114226.10659,38,11.791,85455.80056,0
1577792700000,7247.77,7248.55,7246.59,7246.59,20.299,1577792759999,147109.80989,35,0.545,3950.41430,0
1577792760000,7246.59,7246.67,7245.77,7245.77,13.874,1577792819999,100532.38571,43,1.355,9818.91685,0
1577792820000,7245.77,7245.77,7243,7243.02,44.682,1577792879999,323688.94565,71,4.380,31729.70674,0
1577792880000,7243.03,7243.04,7243.03,7243.04,0.003,1577792939999,21.72910,2,0.001,7.24304,0
1577792940000,7243.03,7243.03,7243.01,7243.01,9.721,1577792999999,70409.34350,55,3.961,28689.60222,0
1577793000000,7243,7243.03,7243,7243.03,6.972,1577793059999,50498.31726,13,6.912,50063.73726,0
1577793060000,7243,7243,7236.94,7238.16,117.594,1577793119999,851236.93082,408,35.149,254399.94560,0
1577793120000,7238.06,7240,7238,7239.98,74.764,1577793179999,541223.07668,80,67.524,488806.32444,0
1577793180000,7239.98,7240,7238.02,7238.02,28.827,1577793239999,208688.60603,42,6.273,45415.42785,0
1577793240000,7238,7238.35,7236.60,7238.35,11.013,1577793299999,79707.79498,24,0.606,4386.29709,0
1577793300000,7238.34,7238.43,7238,7238.02,4.648,1577793359999,33643.13820,40,0.089,644.21531,0
1577793360000,7238,7238.19,7236.60,7236.63,19.827,1577793419999,143495.41563,45,6.491,46981.57653,0
1577793420000,7236.60,7238.34,7236.60,7238.34,29.623,1577793479999,214390.19885,62,28.312,204902.14311,0
1577793480000,7238.34,7239.60,7238.34,7239.60,13.492,1577793539999,97664.46575,16,12.192,88253.63166,0
1577793540000,7239.57,7239.57,7238.34,7238.37,6.587,1577793599999,47681.66580,13,1.808,13087.72020,0
1577793600000,7238.40,7240,7238.40,7240,8.574,1577793659999,62073.13073,18,8.413,60907.74003,0
1577793660000,7239.82,7239.97,7238.91,7238.97,9.987,1577793719999,72300.10478,27,4.059,29385.16895,0
1577793720000,7238.57,7239.23,7236.12,7236.43,71.522,1577793779999,517631.81950,81,1.483,10733.64201,0
1577793780000,7236.15,7236.15,7231,7231.83,50.898,1577793839999,368172.55234,129,4.520,32696.64195,0
1577793840000,7231.84,7232.99,7224.58,7224.58,160.808,1577793899999,1162375.06012,350,26.629,192518.85394,0
1577793900000,7226.23,7229.99,7224.58,7229.99,84.277,1577793959999,609033.78980,146,59.552,430378.39148,0
1577793960000,7230.02,7230.44,7226.66,7227.04,77.202,1577794019999,558083.50356,106,19.793,143082.17021,0
1577794020000,7226.93,7230.24,7226.66,7229,51.734,1577794079999,373937.10053,68,44.615,322486.43312,0
1577794080000,7229,7230.20,7226,7226.01,57.295,1577794139999,414147.64786,82,11.154,80640.24051,0
1577794140000,7226.01,7226.09,7221,7223.65,142.716,1577794199999,1030822.85774,216,68.945,498010.46085,0
1577794200000,7223.70,7227.31,7223.70,7224.48,27.982,1577794259999,202186.65017,69,19.582,141495.26579,0
1577794260000,7224.22,7224.22,7223.02,7224.06,43.241,1577794319999,312359.75371,54,13.744,99283.47110,0
1577794320000,7223.92,7224.08,7220,7220.01,150.723,1577794379999,1088484.52982,206,8.172,59021.87828,0
1577794380000,7220.01,7221.11,7218.16,7219.40,76.458,1577794439999,552031.41435,229,38.424,277429.37071,0
1577794440000,7219.40,7225.02,7219.07,7225.02,81.394,1577794499999,587793.45579,242,68.941,497874.77905,0
1577794500000,7225.01,7225.01,7222.12,7222.12,45.331,1577794559999,327459.51430,93,4.344,31385.23344,0
1577794560000,7222.13,7222.25,7220.17,7221.07,43.097,1577794619999,311192.79025,98,18.975,137014.87737,0
1577794620000,7221.26,7221.64,7221.26,7221.33,9.561,1577794679999,69043.81357,36,9.435,68133.92701,0
1577794680000,7221.33,7225.01,7221.33,7224.96,53.039,1577794739999,383096.57142,106,47.471,342880.92672,0
1577794740000,7224.98,7229.29,7224.98,7226.99,58.230,1577794799999,420870.28151,63,53.167,384284.98342,0
1577794800000,7226.98,7228.03,7226.30,7227.75,30.046,1577794859999,217149.76265,42,9.668,69877.66366,0
1577794860000,7227.75,7232.98,7227.67,7232.98,32.125,1577794919999,232269.25906,134,30.036,217165.48096,0
1577794920000,7232.98,7233.52,7228.92,7230.44,131.955,1577794979999,954286.51430,145,38.179,276077.99133,0
1577794980000,7230.62,7231.77,7230.37,7231.77,16.148,1577795039999,116762.25098,30,8.755,63307.36954,0
1577795040000,7231.83,7233.01,7231.82,7233.01,21.354,1577795099999,154445.44213,27,20.315,146930.40115,0
1577795100000,7233.01,7233.01,7233,7233,10.543,1577795159999,76257.53846,20,1.404,10155.14604,0
1577795160000,7233,7233.01,7231.46,7231.46,30.807,1577795219999,222801.48004,37,0.649,4693.54622,0
1577795220000,7231.19,7231.31,7228.53,7228.59,12.047,1577795279999,87106.12262,45,0.992,7172.92312,0
1577795280000,7228.70,7228.86,7227.33,7228.01,21.464,1577795339999,155146.46713,39,11.305,81715.87204,0
1577795340000,7227.87,7228,7227.20,7227.20,3.846,1577795399999,27797.28521,14,1.637,11831.42545,0
1577795400000,7227.13,7227.83,7227,7227.29,14.211,1577795459999,102707.41659,27,10.121,73147.43123,0
1577795460000,7227.30,7228.13,7227.20,7227.99,12.049,1577795519999,87085.68054,27,5.259,38011.49084,0
1577795520000,7228.13,7229.37,7228.13,7229.37,24.374,1577795579999,176195.70673,31,23.874,172581.64173,0
1577795580000,7229.70,7236.54,7229.70,7234.62,99.454,1577795639999,719417.67426,220,73.184,529352.26527,0
1577795640000,7234.58,7235.69,7233.22,7235.62,44.570,1577795699999,322437.38569,69,23.890,172838.55727,0
1577795700000,7235.96,7236.67,7235.33,7236.67,8.100,1577795759999,58610.03906,27,2.782,20130.73947,0
1577795760000,7236.69,7237.23,7233,7233.01,55.291,1577795819999,400038.98409,74,2.293,16591.16841,0
1577795820000,7233.01,7236.25,7232.48,7236.23,41.984,1577795879999,303741.23487,78,35.384,256001.53666,0
1577795880000,7236.22,7236.84,7236.07,7236.07,23.670,1577795939999,171283.77839,51,21.288,154046.98786,0
1577795940000,7236,7236,7233.25,7233.25,28.104,1577795999999,203324.04103,36,1.358,9825.14358,0
1577796000000,7233.30,7233.30,7231.81,7231.89,11.607,1577796059999,83945.07429,29,0.239,1728.49959,0
1577796060000,7231.62,7235.82,7231.04,7235.60,71.073,1577796119999,514119.42595,87,68.907,498449.47287,0
1577796120000,7235.11,7240,7235.06,7240,55.831,1577796179999,404146.61691,118,52.723,381650.80802,0
1577796180000,7239.57,7241,7239.16,7239.27,40.002,1577796239999,289619.04889,96,22.861,165521.52085,0
1577796240000,7239.35,7241.31,7238.23,7241.31,58.561,1577796299999,423966.95524,111,30.336,219639.30672,0
1577796300000,7241.31,7242.33,7240.94,7241.40,89.784,1577796359999,650200.79413,103,29.924,216703.30783,0
1577796360000,7241.36,7241.61,7241.36,7241.42,11.853,1577796419999,85833.97538,26,0.950,6879.52350,0
1577796420000,7241.38,7243.82,7241.38,7243.81,67.149,1577796479999,486335.07700,122,61.379,444543.12069,0
1577796480000,7243.70,7243.70,7240.86,7241.91,25.341,1577796539999,183518.42480,82,6.921,50117.90170,0
1577796540000,7241.92,7241.92,7241.49,7241.49,34.237,1577796599999,247928.43524,35,1.773,12839.17950,0
1577796600000,7241.50,7241.50,7241.15,7241.15,16.607,1577796659999,120259.23459,32,0.600,4344.90000,0
1577796660000,7241.15,7241.15,7240.86,7240.86,7.547,1577796719999,54647.66716,23,3.617,26190.60898,0
1577796720000,7240.86,7240.86,7240,7240,6.473,1577796779999,46868.99302,19,1.107,8015.03940,0
1577796780000,7239.57,7239.59,7239.50,7239.50,9.582,1577796839999,69369.41000,30,2.233,16165.98223,0
1577796840000,7239.50,7239.59,7239.01,7239.27,5.180,1577796899999,37499.40092,42,1.331,9635.52288,0
1577796900000,7239.23,7239.23,7238.20,7238.20,10.969,1577796959999,79402.39427,59,0.355,2569.79778,0
1577796960000,7238.41,7238.42,7237.30,7237.61,19.969,1577797019999,144530.50438,74,4.938,35739.73450,0
1577797020000,7237.60,7241.14,7237.60,7240.26,77.011,1577797079999,557546.61671,127,58.311,422148.22911,0
1577797080000,7239.88,7242.41,7239.88,7242.41,22.521,1577797139999,163078.33960,71,20.533,148685.29444,0
1577797140000,7242.58,7243.82,7241.77,7243.56,19.968,1577797199999,144618.50544,44,14.452,104670.79722,0
1577797200000,7243.61,7244.60,7243.16,7243.65,38.236,1577797259999,276982.80433,76,20.088,145522.84994,0
1577797260000,7243.65,7244.10,7240.23,7241.82,31.693,1577797319999,229529.84307,69,11.607,84059.59369,0
1577797320000,7241.79,7244.35,7241.79,7244.01,39.318,1577797379999,284793.86137,83,22.445,162566.77867,0
1577797380000,7244,7247,7243.62,7246.73,82.155,1577797439999,595254.34382,143,78.441,568345.82684,0
1577797440000,7246.75,7247,7244,7245.15,65.059,1577797499999,471433.20859,117,35.651,258333.81973,0
1577797500000,7245.15,7250,7245.15,7249.91,143.148,1577797559999,1037562.83139,317,136.551,989749.49587,0
1577797560000,7249.27,7251.78,7243.54,7247.46,171.006,1577797619999,1239381.75452,300,97.154,704213.58295,0
1577797620000,7247.46,7250.19,7245.74,7245.93,49.607,1577797679999,359578.40785,152,33.300,241393.54383,0
1577797680000,7245.93,7246,7245.48,7245.82,12.889,1577797739999,93391.99733,40,4.866,35258.74697,0
1577797740000,7245.82,7246,7245.82,7245.82,3.522,1577797799999,25519.80393,12,0.342,2478.09633,0
1577797800000,7245.82,7245.82,7243.07,7243.45,32.098,1577797859999,232517.71157,63,10.203,73904.40672,0
1577797860000,7243.46,7243.46,7243.08,7243.08,13.134,1577797919999,95134.09128,21,2.341,16956.93783,0
1577797920000,7243.08,7243.08,7241.18,7241.76,18.810,1577797979999,136215.86595,48,4.342,31442.57509,0
1577797980000,7241.76,7242,7239.55,7239.55,53.571,1577798039999,387922.33904,64,7.645,55363.40384,0
1577798040000,7239.71,7240.01,7237,7237.91,36.978,1577798099999,267636.39094,95,12.956,93767.45858,0
1577798100000,7237.92,7239.98,7237.92,7239.97,32.827,1577798159999,237631.07406,33,31.771,229985.69524,0
1577798160000,7239.97,7240,7237.70,7237.70,42.390,1577798219999,306859.49625,66,0.184,1332.16000,0
1577798220000,7237.78,7240,7237.78,7239.99,42.079,1577798279999,304600.79731,59,37.778,273461.85318,0
1577798280000,7239.99,7239.99,7238.11,7238.46,27.389,1577798339999,198274.44412,36,5.502,39827.18393,0
1577798340000,7238.15,7238.15,7236,7236.38,38.153,1577798399999,276112.92769,59,11.440,82782.70110,0
1577798400000,7236.38,7236.39,7235,7235,15.772,1577798459999,114124.57163,46,3.545,25653.00255,0
1577798460000,7235,7237,7233.43,7237,46.280,1577798519999,334830.08049,99,36.146,261519.16034,0
1577798520000,7237,7238.17,7236.67,7237.23,9.635,1577798579999,69732.65630,17,9.198,66570.06651,0
1577798580000,7237.23,7238.02,7237.23,7238.02,11.933,1577798639999,86364.79568,21,7.634,55251.27995,0
1577798640000,7238.68,7239.73,7238.68,7239.40,10.117,1577798699999,73238.43524,21,10.097,73093.65470,0
1577798700000,7239.40,7239.40,7237.33,7237.34,51.566,1577798759999,373267.37683,58,2,14476.74000,0
1577798760000,7237.33,7238.32,7237.33,7238.30,11.501,1577798819999,83240.48291,26,8.835,63944.82992,0
1577798820000,7238.31,7239.10,7238.31,7239.10,3.011,1577798879999,21794.55931,11,3.011,21794.55931,0
1577798880000,7239.15,7242.30,7239.08,7241.08,39.278,1577798939999,284399.61603,50,34.839,252257.03511,0
1577798940000,7241.10,7243.46,7241.10,7242.64,6.767,1577798999999,49011.16751,27,4.660,33751.15680,0
1577799000000,7242.78,7243.81,7242.33,7243.09,14.281,1577799059999,103437.56548,25,7.258,52570.23020,0
1577799060000,7243.51,7245,7242.53,7242.53,54.643,1577799119999,395832.76319,88,23.814,172518.36760,0
1577799120000,7242.48,7243.32,7240.27,7243.19,69.369,1577799179999,502369.57747,64,12.195,88327.53128,0
1577799180000,7243.30,7245.05,7243.30,7244.66,6.658,1577799239999,48233.06213,23,5.728,41495.77108,0
1577799240000,7244.85,7244.86,7244.46,7244.55,17.479,1577799299999,126629.14996,19,8.249,59761.07778,0
1577799300000,7244.50,7244.51,7243.92,7243.93,5.400,1577799359999,39117.86251,22,4.357,31561.98621,0
1577799360000,7243.90,7243.90,7240.30,7240.30,33.740,1577799419999,244357.87530,47,1.061,7682.80882,0
1577799420000,7240.55,7240.89,7240,7240.34,7.257,1577799479999,52543.61659,17,2.769,20049.65996,0
1577799480000,7240.34,7240.82,7240.34,7240.55,2.199,1577799539999,15921.99846,5,2.197,15907.51778,0
1577799540000,7240.51,7240.57,7240,7240,18.021,1577799599999,130475.83789,44,12.277,88888.93762,0
1577799600000,7239.42,7239.44,7239.41,7239.44,3.462,1577799659999,25062.87706,9,0.765,5538.16358,0
1577799660000,7239.42,7241.20,7239.42,7241.13,24.989,1577799719999,180921.40377,42,24.060,174194.82209,0
1577799720000,7241.29,7242,7241.29,7241.87,5.022,1577799779999,36366.72184,11,5.022,36366.72184,0
1577799780000,7241.84,7241.92,7241.83,7241.85,2.871,1577799839999,20791.33020,9,2.616,18944.66155,0
1577799840000,7241.84,7241.84,7240.71,7240.83,19.528,1577799899999,141411.86429,21,0.013,94.14171,0
1577799900000,7240.86,7243.48,7240.83,7243.48,25.172,1577799959999,182281.58347,28,25.076,181586.46139,0
1577799960000,7243.40,7245,7243.40,7244.65,3.750,1577800019999,27165.55102,26,1.926,13952.59483,0
1577800020000,7244.98,7245.55,7242.19,7242.19,33.205,1577800079999,240540.81621,59,4.267,30911.80499,0
1577800080000,7242.64,7242.89,7242.64,7242.89,3.075,1577800139999,22271.27397,5,3.075,22271.27397,0
1577800140000,7244.26,7244.30,7244.26,7244.27,5.088,1577800199999,36858.86906,17,1.853,13423.64560,0
1577800200000,7244.28,7245.55,7244.27,7245.55,25.728,1577800259999,186405.64704,42,25.238,182855.48440,0
1577800260000,7245.99,7246.83,7245.99,7246.38,18.401,1577800319999,133344.13668,17,16.818,121872.68871,0
1577800320000,7246.38,7246.38,7242,7242,46.603,1577800379999,337601.49726,72,1.527,11063.60929,0
1577800380000,7242,7242,7240.99,7241.81,6.306,1577800439999,45663.89815,23,0.987,7146.87456,0
1577800440000,7241.83,7243.83,7241.54,7243.23,19.129,1577800499999,138543.64105,43,15.566,112739.46937,0
1577800500000,7243.24,7243.24,7242.47,7242.47,4.979,1577800559999,36060.49543,13,0.363,2629.14979,0
1577800560000,7242.47,7242.47,7237.37,7237.75,64.371,1577800619999,466082.94323,112,0.386,2794.00393,0
1577800620000,7237.73,7237.93,7237,7237.39,14.292,1577800679999,103435.31924,27,12.624,91363.43148,0
1577800680000,7237.41,7237.82,7236.34,7236.56,8.221,1577800739999,59491.67486,28,0.920,6657.99641,0
1577800740000,7236.35,7236.35,7236,7236,9.761,1577800799999,70631.46531,21,3.596,26021.42331,0
1577800800000,7236,7236.03,7232.34,7233.60,34.963,1577800859999,252928.71335,126,12.551,90791.43371,0
1577800860000,7233.59,7234.84,7233.59,7234.08,21.679,1577800919999,156826.09721,57,9.779,70740.74023,0
1577800920000,7234.09,7234.86,7232.37,7234.86,41.213,1577800979999,298104.74789,77,35.674,258039.47681,0
1577800980000,7234.96,7234.96,7233,7233.01,38.676,1577801039999,279785.27669,59,11.818,85499.95218,0
1577801040000,7233,7233.64,7232.98,7233.16,22.858,1577801099999,165336.15355,31,8.862,64101.51448,0
1577801100000,7233.44,7233.61,7232,7232.87,51.040,1577801159999,369151.47640,115,26.604,192410.53149,0
1577801160000,7232.87,7237.11,7232.87,7234.79,48.939,1577801219999,354059.75675,112,32.424,234570.06630,0
1577801220000,7234.47,7234.71,7234.47,7234.71,7.900,1577801279999,57152.81344,32,3.374,24409.47118,0
1577801280000,7234.97,7235.61,7234.84,7234.84,29.997,1577801339999,217032.56152,50,20.270,146655.32691,0
1577801340000,7235.10,7235.10,7235,7235,0.112,1577801399999,810.32190,2,0.019,137.46690,0
1577801400000,7235.01,7236.45,7235.01,7235.95,20.405,1577801459999,147647.65386,34,15.775,114145.20439,0
1577801460000,7236.01,7238.74,7235.95,7237.78,35.794,1577801519999,259062.33071,47,35.028,253518.98237,0
1577801520000,7237.34,7237.73,7235,7236.58,58.376,1577801579999,422411.39622,97,22.343,161662.74101,0
1577801580000,7235.50,7236.98,7233.85,7234.49,71.526,1577801639999,517528.75134,93,55.300,400139.92308,0
1577801640000,7234.49,7235.97,7234.39,7235.96,16.054,1577801699999,116149.41599,22,9.876,71454.21756,0
1577801700000,7235.96,7236.61,7235.94,7236.57,4.937,1577801759999,35725.75289,19,2.270,16427.05486,0
1577801760000,7236.61,7238.40,7236.61,7238.40,25.567,1577801819999,185053.17488,35,25.567,185053.17488,0
1577801820000,7238.44,7239,7238.44,7238.98,10.916,1577801879999,79020.28332,30,9.179,66446.19733,0
1577801880000,7238.97,7239.81,7238.91,7239.81,11.748,1577801939999,85044.26143,42,6.790,49153.25834,0
1577801940000,7239.81,7243.09,7239.81,7243.09,23.811,1577801999999,172416.80887,65,21.411,155038.49335,0
1577802000000,7243.19,7245.63,7243.19,7243.35,59.017,1577802059999,427560.31116,120,22.416,162393.39672,0
1577802060000,7243.30,7245,7242.15,7244.99,33.846,1577802119999,245156.28335,55,13.791,99898.00332,0
1577802120000,7245,7246.35,7244.36,7246.35,63.714,1577802179999,461618.93005,108,49.085,355633.24083,0
1577802180000,7246.35,7247.31,7246.08,7246.56,13.328,1577802239999,96579.30880,54,9.973,72268.48406,0
1577802240000,7246.55,7246.76,7246.55,7246.76,13.900,1577802299999,100727.34547,37,3.174,23000.74394,0
1577802300000,7246.58,7246.76,7246.55,7246.57,9.657,1577802359999,69980.09272,38,4.696,34029.90926,0
1577802360000,7246.57,7246.57,7243.87,7243.87,39.612,1577802419999,287010.80485,82,5.544,40174.98408,0
1577802420000,7243.88,7245.01,7243.88,7245.01,1.577,1577802479999,11423.73584,15,0.585,4237.78945,0
1577802480000,7244.26,7244.51,7244.26,7244.46,1.700,1577802539999,12315.46893,11,0.351,2542.79175,0
1577802540000,7244.46,7245.01,7244.46,7244.99,4.379,1577802599999,31725.18559,22,2.674,19372.86694,0
1577802600000,7244.99,7249.32,7244.99,7248.05,204.215,1577802659999,1479938.23710,213,161.698,1171834.57368,0
1577802660000,7248.09,7251,7247.47,7249.10,85.983,1577802719999,623323.70921,185,52.721,382209.96242,0
1577802720000,7249.42,7250.13,7248.19,7248.90,12.562,1577802779999,91063.37619,45,6.715,48679.97950,0
1577802780000,7249.38,7253.31,7249.11,7253.31,126.156,1577802839999,914732.57022,214,118.953,862495.89429,0
1577802840000,7253.31,7260,7251.15,7259.41,236.144,1577802899999,1713529.38910,422,193.779,1406175.79400,0
1577802900000,7259.98,7271,7258.15,7263.82,392.335,1577802959999,2850709.90580,890,239.806,1742422.94138,0
1577802960000,7263.82,7264.13,7257.13,7263.86,188.909,1577803019999,1371483.42348,346,83.943,609426.77537,0
1577803020000,7264,7273.64,7262.55,7272.06,178.745,1577803079999,1299230.95831,442,136.350,991085.92970,0
1577803080000,7273.01,7274.64,7262.52,7262.52,208.073,1577803139999,1512287.99868,422,39.845,289683.45273,0
1577803140000,7262.88,7267.99,7262.80,7266.84,133.804,1577803199999,972168.56747,249,98.979,719121.17359,0
1577803200000,7266.82,7266.82,7264.16,7266.25,75.074,1577803259999,545460.28763,205,35.424,257382.44634,0
1577803260000,7266.25,7266.83,7265.15,7265.56,68.734,1577803319999,499406.07973,109,40.517,294398.19801,0
1577803320000,7265.25,7295.93,7265.20,7288.56,863.921,1577803379999,6293212.05221,1852,634.221,4619331.08462,0
1577803380000,7288.58,7295.93,7284.18,7289.33,387.634,1577803439999,2826029.27501,925,209.065,1524363.43923,0
1577803440000,7289.34,7293.39,7279.99,7282.27,323.560,1577803499999,2357325.97468,760,139.553,1016909.83446,0
1577803500000,7282.25,7304.06,7282.25,7303.99,534.718,1577803559999,3902185.75925,1338,398.018,2904572.44465,0
1577803560000,7303.99,7304.40,7292.64,7298.91,410.248,1577803619999,2994695.16936,793,167.279,1221109.77305,0
1577803620000,7298.91,7319,7298.62,7311,654.316,1577803679999,4783992.91709,1350,482.333,3526555.74810,0
1577803680000,7311.01,7314.33,7297.26,7300.95,236.479,1577803739999,1727905.69002,568,66.646,487103.19330,0
1577803740000,7299.99,7306.70,7299.45,7300.01,145.779,1577803799999,1064613.25551,315,74.573,544592.67519,0
1577803800000,7300.01,7300.01,7283.86,7284.57,341.065,1577803859999,2487739.65792,661,63.878,465792.57693,0
1577803860000,7284.98,7286.23,7275,7280,540.658,1577803919999,3936056.02157,984,200.785,1461890.53722,0
1577803920000,7279.99,7295,7278.81,7281.96,233.621,1577803979999,1702554.02903,443,176.231,1284314.40123,0
1577803980000,7283.60,7289,7280,7287.85,165.976,1577804039999,1208877.48156,320,77.413,563877.72763,0
1577804040000,7287.88,7289,7282,7282,95.325,1577804099999,694474.68739,226,16.196,118011.66761,0
1577804100000,7282.02,7282.10,7270,7270,307.020,1577804159999,2234131.23342,560,99.413,723436.69485,0
1577804160000,7270,7273.40,7253.31,7253.52,555.123,1577804219999,4032392.58585,1177,159.925,1161915.08262,0
1577804220000,7253.52,7264.49,7252.95,7255,343.885,1577804279999,2496668.69270,760,194.955,1415543.59259,0
1577804280000,7255.22,7256.08,7241,7243.99,749.066,1577804339999,5428226.39007,1513,274.624,1990189.86472,0
1577804340000,7243.86,7243.86,7222.43,7233.45,1060.126,1577804399999,7667402.97370,2394,364.275,2634902.02101,0
1577804400000,7233.81,7235.22,7218.01,7218.01,645.716,1577804459999,4666578.36070,1456,190.224,1375180.52151,0
1577804460000,7218,7225,7181.78,7208,1830.226,1577804519999,13184358.41217,3775,620.561,4470932.76711,0
1577804520000,7205.80,7222,7193.72,7221.92,950.621,1577804579999,6851484.63336,2256,523.215,3772054.14046,0
1577804580000,7221.74,7256.08,7219.14,7229,1032.665,1577804639999,7474935.63688,2580,546.796,3958212.63574,0
1577804640000,7229,7233.99,7210,7213.45,590.311,1577804699999,4260883.99378,1451,278.690,2011645.67661,0
1577804700000,7215.20,7226.11,7202.45,7219.90,467.202,1577804759999,3369384.66720,1131,203.024,1464530.48737,0
1577804760000,7219.91,7219.96,7204.63,7214.54,293.347,1577804819999,2115365.41908,813,120.580,869472.13036,0
1577804820000,7215.45,7223,7205.59,7216.36,288.627,1577804879999,2081897.99901,745,123.504,890880.06073,0
1577804880000,7217.54,7221.52,7210,7221.34,198.429,1577804939999,1432220.17180,533,86.858,627011.01119,0
1577804940000,7220.65,7225,7219.99,7220.52,149.344,1577804999999,1078614.89279,403,57.918,418338.38784,0
1577805000000,7220.54,7220.54,7211,7213.51,141.159,1577805059999,1018483.44632,369,57.835,417296.11767,0
1577805060000,7213.43,7217.56,7208,7209.02,136.056,1577805119999,981122.83707,295,20.303,146468.48755,0
1577805120000,7209.02,7217.33,7209.02,7216.57,120.379,1577805179999,868239.84445,164,93.223,672368.31800,0
1577805180000,7216.53,7220,7211.13,7211.96,156.084,1577805239999,1126342.57650,263,43.253,312120.73639,0
1577805240000,7211.82,7217.90,7207,7217.90,203.415,1577805299999,1466858.98321,448,120.781,871086.26372,0
1577805300000,7217.90,7218.47,7207.20,7207.20,113.958,1577805359999,822105.85603,233,16.065,115922.88391,0
1577805360000,7207.20,7210,7201,7201,135.099,1577805419999,973401.96278,297,31.961,230374.79161,0
1577805420000,7201,7212.33,7201,7211.69,231.475,1577805479999,1668133.68891,438,169.406,1220853.57198,0
1577805480000,7212.02,7212.02,7201.38,7203.34,183.310,1577805539999,1320787.62473,319,55.391,399116.55047,0
1577805540000,7203.34,7208.36,7201.38,7201.38,128.575,1577805599999,926393.36534,312,33.536,241663.30321,0
1577805600000,7203.48,7203.57,7195.50,7197.68,226.128,1577805659999,1627924.97908,585,88.208,634996.95178,0
1577805660000,7198.39,7209.93,7196.78,7208,269.426,1577805719999,1940325.89339,517,212.984,1533816.06248,0
1577805720000,7207.99,7219.81,7207.99,7218.12,257.463,1577805779999,1857293.85352,490,196.318,1416046.77090,0
1577805780000,7218.87,7222.95,7213.26,7213.26,224.502,1577805839999,1620605.17687,286,98.392,710421.96907,0
1577805840000,7213.26,7214.74,7209.49,7213.06,147.959,1577805899999,1067167.12454,163,73.091,527155.35653,0
1577805900000,7212.71,7212.72,7206.60,7208.88,113.077,1577805959999,815173.37579,176,50.190,361787.27459,0
1577805960000,7208.88,7214.42,7208.60,7212.46,78.490,1577806019999,565977.52211,117,67.735,488408.85794,0
1577806020000,7212.47,7217.87,7212.38,7215.56,68.208,1577806079999,492165.84089,142,35.625,257057.48332,0
1577806080000,7215.54,7220.18,7215.54,7219.20,58.827,1577806139999,424622.98114,111,27.407,197821.49666,0
1577806140000,7219.09,7220,7211.64,7216.98,103.741,1577806199999,748641.29702,176,27.476,198244.70208,0
1577806200000,7216.98,7217.04,7212.43,7213.97,48.408,1577806259999,349226.78022,95,21.878,157832.46908,0
1577806260000,7213.99,7216.10,7213.70,7216.08,42.141,1577806319999,304029.08618,74,38.730,279419.30434,0
1577806320000,7216.09,7220.64,7216.08,7220.64,84.884,1577806379999,612666.36403,126,67.376,486311.68200,0
1577806380000,7220.64,7224,7219.18,7222,134.304,1577806439999,969930.77198,229,89.010,642855.63268,0
1577806440000,7222,7224.95,7219.81,7220.81,116.882,1577806499999,844169.61690,234,32.320,233469.33795,0
1577806500000,7220.81,7221.31,7217.10,7217.10,68.955,1577806559999,497856.14808,127,6.051,43691.81018,0
1577806560000,7217,7217,7207.93,7208.27,86.382,1577806619999,622911.90395,240,30.326,218666.11033,0
1577806620000,7208.16,7212.06,7203.17,7209.74,102.745,1577806679999,740524.38962,193,63.727,459315.75581,0
1577806680000,7209.24,7210.64,7203.56,7210.64,195.309,1577806739999,1407564.89751,191,63.982,461193.90287,0
1577806740000,7210.65,7213.43,7205,7211.89,268.824,1577806799999,1938041.89950,298,64.715,466608.42076,0
1577806800000,7210.70,7214.25,7210.70,7212.44,108.709,1577806859999,784091.90471,138,66.952,482901.04247,0
1577806860000,7212.38,7212.39,7206.65,7208.38,91.069,1577806919999,656529.35530,170,24.724,178197.35415,0
1577806920000,7208.39,7209.20,7207,7207,36.176,1577806979999,260766.44503,75,23.254,167628.48697,0
1577806980000,7206,7208.61,7206,7208.29,28.375,1577807039999,204521.18596,47,25.481,183663.01519,0
1577807040000,7208.34,7211.67,7208.29,7211.33,57.804,1577807099999,416736.07879,66,54.284,391361.75969,0
1577807100000,7211.33,7211.78,7203.77,7204.60,131.658,1577807159999,948863.52645,190,27.354,197173.05221,0
1577807160000,7205.02,7208.86,7205.02,7207.88,80.405,1577807219999,579489.67921,104,53.933,388670.44736,0
1577807220000,7207.86,7208.52,7200,7203,222.007,1577807279999,1599003.10462,364,57.245,412274.26427,0
1577807280000,7203.38,7203.39,7200.02,7200.02,127.645,1577807339999,919258.88838,183,58.792,423417.82068,0
1577807340000,7200.02,7205.27,7196.45,7204.20,167.012,1577807399999,1202476.03836,239,97.008,698510.93949,0
1577807400000,7204.97,7208.55,7202.52,7207.81,113.004,1577807459999,814326.45911,189,24.907,179515.16698,0
1577807460000,7207.33,7207.33,7195.10,7195.10,129.443,1577807519999,932296.63684,228,23.567,169664.05310,0
1577807520000,7196.14,7198.40,7193.02,7196.60,139.362,1577807579999,1002731.49648,255,77.997,561213.34397,0
1577807580000,7196.40,7205.08,7195.15,7195.66,115.428,1577807639999,830983.81988,270,60.820,437862.58389,0
1577807640000,7195.68,7199.45,7195,7196,83.803,1577807699999,603171.75413,146,75.078,540380.16816,0
1577807700000,7196.15,7202.90,7190,7197.90,241.864,1577807759999,1740072.47176,377,129.633,932710.01725,0
1577807760000,7197.12,7199.25,7194.60,7199.24,33.405,1577807819999,240452.43769,81,18.281,131592.54272,0
1577807820000,7198.94,7199.06,7196.94,7197.45,43.282,1577807879999,311560.47945,101,30.445,219155.52990,0
1577807880000,7196.95,7197.01,7193.18,7194.22,100.886,1577807939999,725905.50161,153,67.781,487703.41927,0
1577807940000,7194.06,7194.74,7191.68,7191.81,41.271,1577807999999,296853.02153,71,7.180,51653.65973,0
1577808000000,7191.80,7198.95,7184.46,7198.35,434.949,1577808059999,3126929.39833,664,166.989,1200588.65409,0
1577808060000,7198.14,7216.85,7197.87,7212.94,397.023,1577808119999,2861890.46134,822,230.532,1661618.79518,0
1577808120000,7212.94,7213.35,7206.55,7210.65,139.141,1577808179999,1003330.36677,310,70.280,506780.85155,0
1577808180000,7212,7217.41,7210.11,7212.64,117.818,1577808239999,849915.98173,245,57.246,413003.78560,0
1577808240000,7212.41,7213.30,7206.20,7208,109.178,1577808299999,787077.72576,218,34.264,246963.80993,0
1577808300000,7208,7216.74,7206.46,7213.44,147.790,1577808359999,1065890.68671,261,112.376,810422.52375,0
1577808360000,7213.41,7213.46,7208,7211.03,108.128,1577808419999,779816.98049,117,14.889,107389.76965,0
1577808420000,7211.24,7212.01,7205.49,7208.10,55.166,1577808479999,397653.23653,140,11.773,84854.05246,0
1577808480000,7208.10,7209.46,7202,7202,69.644,1577808539999,501855.35945,161,15.800,113879.99991,0
1577808540000,7201.98,7213.89,7201.63,7213.09,152.647,1577808599999,1100445.58994,160,143.333,1033266.82930,0
1577808600000,7213.09,7213.29,7203.33,7203.33,95.793,1577808659999,690511.47877,117,13.928,100373.59020,0
1577808660000,7203.33,7207.08,7201.53,7206.63,73.086,1577808719999,526486.16533,95,59.623,429495.38211,0
1577808720000,7206.63,7208.84,7202,7208.84,118.729,1577808779999,855448.64220,130,62.968,453668.18465,0
1577808780000,7209.78,7211,7203.01,7203.89,95.061,1577808839999,685297.30071,142,12.290,88608.33048,0
1577808840000,7203.31,7206.67,7202.39,7202.39,46.360,1577808899999,333935.90577,59,35.764,257615.96749,0
1577808900000,7202.01,7209.29,7199.25,7209.29,178.259,1577808959999,1283779.47011,189,118.570,853938.77006,0
1577808960000,7208.68,7208.68,7201.57,7203.14,93.989,1577809019999,677214.55724,101,16.655,119960.36535,0
1577809020000,7204.11,7204.27,7200.84,7201.04,45.036,1577809079999,324380.62368,80,11.278,81234.37263,0
1577809080000,7201.39,7206.38,7201.39,7203.52,88.375,1577809139999,636619.63308,68,58.285,419842.02586,0
1577809140000,7203.51,7220,7202.18,7218.47,380.046,1577809199999,2740930.43426,643,255.726,1844265.00316,0
1577809200000,7218.33,7218.93,7212.64,7214.77,141.082,1577809259999,1018078.19693,188,70.054,505519.99681,0
1577809260000,7214.56,7217.88,7211.74,7217.88,76.705,1577809319999,553456.66994,102,50.233,362482.59569,0
1577809320000,7217.69,7218.19,7211.14,7211.30,79.193,1577809379999,571479.07480,74,10.916,78775.41894,0
1577809380000,7211.87,7216.92,7211.04,7216.92,69.848,1577809439999,503887.77970,57,47.391,341844.47276,0
1577809440000,7216.52,7216.52,7213.01,7213.20,44.535,1577809499999,321312.49610,60,6.602,47625.25941,0
1577809500000,7213.49,7214.91,7213.07,7213.10,12.535,1577809559999,90424.54208,22,11.853,85504.88564,0
1577809560000,7213,7216,7212.52,7215.99,94.863,1577809619999,684404.27393,82,88.148,635961.80645,0
1577809620000,7215.48,7215.48,7212.20,7212.20,77.007,1577809679999,555518.71103,78,0.513,3700.53592,0
1577809680000,7212.20,7214.27,7212.20,7214.27,32.702,1577809739999,235890.64075,58,28.035,202228.01117,0
1577809740000,7214.27,7218.17,7214.02,7218.17,54.487,1577809799999,393144.90874,88,44.141,318504.56878,0
1577809800000,7218.17,7219.99,7216.82,7219.72,139.716,1577809859999,1008565.63868,147,53.540,386479.41407,0
1577809860000,7219.80,7221.75,7219.37,7221.23,82.854,1577809919999,598223.66509,109,57.152,412655.55060,0
1577809920000,7220.79,7220.79,7214,7214,116.952,1577809979999,844016.51246,104,18.750,135289.21388,0
1577809980000,7214,7216.01,7212.25,7216.01,47.081,1577810039999,339621.62928,49,21.020,151644.98306,0
1577810040000,7216.01,7219.10,7213.98,7214.63,78.503,1577810099999,566498.52864,55,17.635,127272.99927,0
1577810100000,7215.38,7216.52,7215.01,7215.01,26.275,1577810159999,189593.19283,30,18.275,131869.91629,0
1577810160000,7215.01,7215.01,7205,7206.49,63.198,1577810219999,455655.40711,128,8.429,60770.17327,0
1577810220000,7206.30,7214.73,7206.30,7213.61,134.450,1577810279999,969459.64599,157,106.876,770587.05365,0
1577810280000,7213.40,7214.93,7210.96,7210.96,52.381,1577810339999,377793.22953,43,0.593,4278.32581,0
1577810340000,7210.18,7210.96,7209,7209,31.108,1577810399999,224287.55146,48,2.775,20009.52431,0
1577810400000,7209,7214.28,7209,7210.82,78.660,1577810459999,567312.49132,76,36.180,260920.72632,0
1577810460000,7210.63,7213.24,7210.02,7213.22,39.612,1577810519999,285629.55022,36,39.495,284785.81963,0
1577810520000,7213.27,7214,7212.69,7213.74,27.092,1577810579999,195431.29673,47,6.083,43882.25258,0
1577810580000,7214.30,7214.73,7211.05,7212.97,56.558,1577810639999,407943.16701,74,16.808,121219.91748,0
1577810640000,7212.97,7212.97,7211.05,7211.30,18.863,1577810699999,136034.77907,41,12.349,89057.74280,0
1577810700000,7211.30,7211.52,7207.95,7210.04,52.846,1577810759999,381010.38742,57,14.376,103639.68716,0
1577810760000,7210,7211.59,7210,7211.15,19.266,1577810819999,138919.73584,36,18.211,131312.76644,0
1577810820000,7211.14,7212,7211.10,7211.63,1.799,1577810879999,12973.78432,13,0.881,6353.52979,0
1577810880000,7211.63,7213.81,7211.56,7213.81,27.338,1577810939999,197177.45132,27,25.951,187174.89793,0
1577810940000,7213.88,7214.99,7208.12,7209.25,77.940,1577810999999,562105.96918,73,8.838,63756.06819,0
1577811000000,7209.23,7213.38,7208.59,7212.59,47.128,1577811059999,339823.24445,37,44.904,323784.60430,0
1577811060000,7211.31,7212.89,7210.62,7212.34,28.085,1577811119999,202538.91048,37,23.953,172740.04434,0
1577811120000,7212.38,7212.56,7211.91,7212.27,13.764,1577811179999,99268.26518,26,6.177,44549.96532,0
1577811180000,7212.44,7212.88,7211.99,7212.70,12.288,1577811239999,88622.34642,23,6.828,49244.76594,0
1577811240000,7212.48,7212.93,7212.48,7212.73,1.857,1577811299999,13393.98326,13,1.027,7407.52862,0
1577811300000,7212.88,7213,7211.81,7212.98,23.585,1577811359999,170110.53498,27,1.787,12889.60655,0
1577811360000,7212.94,7212.95,7207.01,7209.21,49.875,1577811419999,359644.32011,73,3.693,26623.88811,0
1577811420000,7208.61,7208.77,7206.67,7206.67,2.729,1577811479999,19669.63627,21,0.986,7107.38911,0
1577811480000,7206.67,7210,7205.16,7209.99,69.998,1577811539999,504484.79624,69,58.065,418491.96543,0
1577811540000,7209.81,7209.81,7207.33,7207.71,28.680,1577811599999,206744.79500,19,0.103,742.36525,0
1577811600000,7207.78,7207.78,7205,7205,46.561,1577811659999,335516.06734,74,0.537,3869.99316,0
1577811660000,7205,7205.20,7201.78,7203.20,40.740,1577811719999,293490.52608,92,10.559,76062.35803,0
1577811720000,7203.20,7204.61,7202.47,7202.99,32.374,1577811779999,233208.75633,58,27.505,198136.27167,0
1577811780000,7202.99,7203,7201,7201,34.363,1577811839999,247474.07639,60,0.135,972.24895,0
1577811840000,7201.01,7201.96,7200,7200.37,42.719,1577811899999,307608.72507,81,9.279,66819.80697,0
1577811900000,7200.88,7201.42,7200.51,7200.96,27.830,1577811959999,200402.40140,73,17.001,122424.39138,0
1577811960000,7200.90,7204.24,7200.50,7204.24,56.262,1577812019999,405187.25885,55,51.515,370995.81541,0
1577812020000,7204.19,7207.52,7204.19,7207.01,17.345,1577812079999,124981.94552,42,17.020,122640.13747,0
1577812080000,7207,7208.14,7204.20,7204.20,82.398,1577812139999,593795.27211,85,7.081,51035.73164,0
1577812140000,7204.29,7206.06,7204.20,7205.93,31.757,1577812199999,228808.45159,43,21.157,152437.06521,0
1577812200000,7204.89,7206.95,7204.89,7205.56,19.917,1577812259999,143517.87929,24,11.638,83863.66859,0
1577812260000,7205.56,7205.56,7202.58,7204.85,48.999,1577812319999,352996.61574,60,3.601,25942.04111,0
1577812320000,7204.85,7206.64,7203.33,7206.37,43.873,1577812379999,316134.39832,41,39.472,284430.01349,0
1577812380000,7205.95,7206.34,7203.34,7204.78,63.655,1577812439999,458628.93972,51,19.357,139448.80131,0
1577812440000,7204.61,7204.74,7203,7203.03,17.047,1577812499999,122798.09006,26,0,0,0
1577812500000,7203.03,7203.03,7200,7200.78,104.481,1577812559999,752430.65418,134,25.437,183170.69912,0
1577812560000,7200.12,7201.22,7200,7201.12,32.174,1577812619999,231671.67754,42,16.802,120988.75553,0
1577812620000,7201.12,7204.87,7201.12,7204.69,49.450,1577812679999,356169.33427,45,36.941,266071.98487,0
1577812680000,7203.87,7204.79,7202.95,7203.77,17.174,1577812739999,123714.64683,24,10.478,75481.96104,0
1577812740000,7203.77,7204.39,7203.62,7204.39,13.542,1577812799999,97557.26635,23,12.764,91952.62199,0
1577812800000,7204.38,7208.14,7204.38,7208.14,67.706,1577812859999,487902.31527,67,56.661,408303.73985,0
1577812860000,7207.71,7207.71,7202.39,7202.39,73.974,1577812919999,532955.59059,51,2.759,19874.50252,0
1577812920000,7202,7202,7200,7201.11,22.762,1577812979999,163905.69068,35,3.767,27127.61248,0
1577812980000,7201.09,7201.18,7198.21,7200.97,60.314,1577813039999,434233.51990,86,29.271,210736.75838,0
1577813040000,7201,7201,7199,7199,13.166,1577813099999,94792.09016,26,1.971,14193.17100,0
1577813100000,7199.01,7199.01,7197.03,7197.03,41.046,1577813159999,295464.40621,53,12.792,92076.76182,0
1577813160000,7197.50,7197.50,7195.07,7195.86,39.744,1577813219999,286002.03559,86,3.584,25789.73414,0
1577813220000,7195.76,7197.67,7195,7196.77,63.119,1577813279999,454189.67702,76,52.874,380466.50786,0
1577813280000,7196.83,7198.60,7196.83,7197.78,29.151,1577813339999,209818.05801,47,22.732,163618.13917,0
1577813340000,7197.53,7197.53,7196.71,7197.34,14.340,1577813399999,103205.26163,30,2.245,16157.71362,0
1577813400000,7197.46,7200.16,7197.05,7199.70,38.298,1577813459999,275707.00155,56,34.508,248426.56765,0
1577813460000,7199.70,7199.70,7198,7198,40.243,1577813519999,289689.05766,38,2.132,15346.22529,0
1577813520000,7198,7198,7191.12,7192.35,137.863,1577813579999,991882.67597,194,17.855,128422.60075,0
1577813580000,7192.36,7196.52,7190.56,7192.44,93.263,1577813639999,670813.05210,116,64.248,462131.06799,0
1577813640000,7192.44,7192.44,7187.63,7188.39,162.532,1577813699999,1168565.22447,188,17.837,128216.17548,0
1577813700000,7188.39,7191,7188.14,7189.13,129.209,1577813759999,928931.87530,129,88.864,638904.08790,0
1577813760000,7189.85,7190.35,7184,7185,182.911,1577813819999,1314348.84072,250,58.471,420131.30138,0
1577813820000,7185,7185.50,7177.77,7180.46,338.753,1577813879999,2432761.16456,554,79.144,568448.65827,0
1577813880000,7180.49,7185.65,7172.88,7175,204.221,1577813939999,1466082.81881,350,51.842,372345.46920,0
1577813940000,7174.05,7177.24,7152.39,7175.42,1084.705,1577813999999,7773109.00005,2194,443.493,3178886.22149,0
1577814000000,7175.41,7178.80,7165.85,7176,207.291,1577814059999,1486816.29310,608,120.510,864448.05238,0
1577814060000,7175.81,7180,7170,7175.79,213.558,1577814119999,1532278.20713,361,86.027,617319.98477,0
1577814120000,7175.74,7176.99,7171.37,7175.31,126.557,1577814179999,907929.63380,226,59.490,426758.95326,0
1577814180000,7175.32,7176.39,7172.75,7175.21,67.827,1577814239999,486633.02125,93,33.461,240061.08319,0
1577814240000,7175.55,7175.55,7172.06,7173.84,159.831,1577814299999,1146630.81899,140,80.304,576097.29266,0
1577814300000,7174.56,7174.56,7169,7169,103.588,1577814359999,742982.54778,182,21.986,157690.28319,0
1577814360000,7169,7171.01,7165.04,7166.63,162.072,1577814419999,1161744.63643,167,102.518,734892.74261,0
1577814420000,7166.12,7166.13,7154.37,7164.97,342.298,1577814479999,2450914.55970,610,130.985,938085.59718,0
1577814480000,7165,7166.76,7152.36,7155.89,260.361,1577814539999,1863535.79435,626,78.952,565289.97061,0
1577814540000,7155.89,7163.68,7155.57,7162.18,123.538,1577814599999,884385.64065,272,88.726,635214.06372,0
1577814600000,7162.16,7162.50,7146.73,7149,453.596,1577814659999,3244811.89219,789,53.022,379318.69918,0
1577814660000,7148.97,7160.94,7147.34,7160.94,175.291,1577814719999,1254026.75330,414,118.528,847953.31182,0
1577814720000,7161,7168,7158.64,7164.92,200.939,1577814779999,1439513.75705,328,88.636,634965.59369,0
1577814780000,7165.09,7167.25,7158.56,7158.56,192.835,1577814839999,1381482.12507,222,42.895,307355.77775,0
1577814840000,7159.22,7168,7159.22,7165.56,198.089,1577814899999,1419061.78472,216,173.328,1241632.04419,0
1577814900000,7165.56,7167.31,7161.82,7167.31,123.115,1577814959999,882007.65516,116,72.621,520226.46557,0
1577814960000,7167.25,7174,7162.18,7162.93,242.944,1577815019999,1741681.54191,348,130.777,937614.15213,0
1577815020000,7162.93,7165.63,7162,7165.47,41.793,1577815079999,299419.88133,79,28.136,201578.85455,0
1577815080000,7165.47,7169.26,7162.23,7163.30,140.897,1577815139999,1009648.45380,182,43.348,310651.65811,0
1577815140000,7163.47,7164.31,7162.30,7163.61,41.219,1577815199999,295272.02154,71,32.439,232375.57229,0
1577815200000,7163.65,7163.65,7155.26,7155.26,88.634,1577815259999,634564.14654,134,3.643,26079.45010,0
1577815260000,7155.26,7155.28,7144,7149.37,340.343,1577815319999,2432870.72178,557,117.802,842097.23134,0
1577815320000,7149.38,7155.68,7146.90,7155.13,160.145,1577815379999,1145212.40492,249,110.584,790874.89142,0
1577815380000,7155.63,7157.03,7144.44,7146.85,311.476,1577815439999,2226829.89597,313,94.559,675877.01191,0
1577815440000,7146.46,7146.65,7141.10,7142.47,150.903,1577815499999,1078011.15131,355,67.546,482552.02531,0
1577815500000,7142.58,7151.18,7141,7148.49,202.284,1577815559999,1445679.91445,291,111.531,797026.23563,0
1577815560000,7148.17,7148.18,7141,7141.54,144.988,1577815619999,1035668.56880,233,47.703,340712.76515,0
1577815620000,7141.09,7153.73,7141.09,7153.73,235.767,1577815679999,1684824.34708,252,171.007,1221909.26313,0
1577815680000,7153.63,7156.19,7148.54,7151.58,117.820,1577815739999,842645.61958,164,59.888,428344.93512,0
1577815740000,7151.52,7151.52,7142.35,7146.48,218.828,1577815799999,1563889.61840,236,67.118,479585.79843,0
1577815800000,7147.08,7150.04,7145.90,7150.04,70.682,1577815859999,505214.68595,92,44.974,321474.64925,0
1577815860000,7149.94,7155.63,7149.34,7149.35,137.473,1577815919999,983276.32116,150,50.138,358654.07018,0
1577815920000,7149.34,7149.84,7146,7149.33,81.523,1577815979999,582698.74849,103,47.865,342124.70331,0
1577815980000,7149.32,7150.55,7146.87,7150.55,55.273,1577816039999,395087.50540,67,38.474,275007.62261,0
1577816040000,7150.55,7155,7150.02,7154.86,67.564,1577816099999,483233.26157,83,64.350,460251.70902,0
1577816100000,7154.88,7155.41,7150,7150,135.966,1577816159999,972576.08483,180,8.560,61226.97291,0
1577816160000,7150,7151.14,7143,7144.25,145.352,1577816219999,1039016.73875,186,40.678,290811.83851,0
1577816220000,7145.28,7147.70,7142.05,7145.73,119.267,1577816279999,852065.30280,129,66.787,477130.46620,0
1577816280000,7145.92,7151.47,7145.92,7151.41,32.202,1577816339999,230228.60631,44,28.114,201001.05441,0
1577816340000,7151.41,7151.72,7147.89,7148.55,51.194,1577816399999,366030.72440,85,13.442,96098.77453,0
1577816400000,7148.54,7149.40,7147.25,7149.40,65.208,1577816459999,466113.74815,54,39.849,284839.05810,0
1577816460000,7149.76,7153,7149.76,7152.99,52.256,1577816519999,373718.62617,75,39.078,279470.41111,0
1577816520000,7152.99,7155,7150.79,7151.51,98.887,1577816579999,707355.13166,150,35.446,253571.17717,0
1577816580000,7151.51,7151.53,7147.25,7147.25,93.741,1577816639999,670249.95316,125,30.719,219616.02364,0
1577816640000,7147.26,7150.15,7147.25,7150.15,85.198,1577816699999,609060.00797,78,80.795,577582.64642,0
1577816700000,7149.45,7153.93,7149.45,7153.93,42.365,1577816759999,302994.55212,60,41.954,300055.45067,0
1577816760000,7153.93,7158.36,7153.93,7157.99,89.868,1577816819999,643131.48042,148,79.884,571683.16488,0
1577816820000,7157.06,7158.32,7151.92,7152.64,53.127,1577816879999,380118.87948,98,14,100197.38407,0
1577816880000,7153.01,7158.97,7153.01,7158.97,63.094,1577816939999,451466.89548,76,45.488,325480.67411,0
1577816940000,7158.97,7165.96,7158.50,7163.99,98.621,1577816999999,706339.89911,220,83.919,601050.67177,0
1577817000000,7164,7164.94,7157,7157.88,174.955,1577817059999,1252682.26483,188,53.047,379746.36048,0
1577817060000,7157.12,7157.56,7153.92,7155.61,71.584,1577817119999,512224.79881,104,25.423,181910.70984,0
1577817120000,7154.24,7154.47,7153.88,7153.88,37.405,1577817179999,267597.62948,51,18.124,129662.25255,0
1577817180000,7153.88,7154.66,7153.58,7154.50,48.969,1577817239999,350329.55855,58,46.291,331171.68006,0
1577817240000,7154.82,7160.55,7154.82,7158.52,77.582,1577817299999,555345.33684,119,47.773,341931.42101,0
1577817300000,7159.45,7159.52,7156.92,7158.85,20.218,1577817359999,144726.51850,33,2.733,19565.36894,0
1577817360000,7159.17,7160.85,7158.95,7158.95,56.122,1577817419999,401822.13543,53,12.890,92293.10039,0
1577817420000,7158.67,7158.67,7155.27,7155.83,29.804,1577817479999,213311.95701,52,3.111,22264.46687,0
1577817480000,7155.17,7156.12,7153.22,7155.83,52.627,1577817539999,376542.94039,73,43.534,311492.50001,0
1577817540000,7155.43,7160.38,7155.43,7160.38,15.647,1577817599999,111986.72561,29,14.947,106975.67801,0
1577817600000,7160.38,7163.20,7156.09,7160.01,86.150,1577817659999,616852.24826,108,13.976,100070.73721,0
1577817660000,7160.37,7161.14,7158.55,7160.13,59.717,1577817719999,427559.20379,46,53.742,384784.57493,0
1577817720000,7160.51,7168.13,7160.51,7166.41,110.343,1577817779999,790595.47664,130,87.146,624367.14792,0
1577817780000,7165.48,7166.65,7163.47,7166.65,51.372,1577817839999,368075.70554,77,14.712,105411.40458,0
1577817840000,7166.99,7168.80,7164.86,7165.81,57.875,1577817899999,414821.10083,116,12.381,88741.80297,0
1577817900000,7165.81,7167.83,7165,7166.77,40.177,1577817959999,287921.26178,112,24.376,174692.53226,0
1577817960000,7166.80,7166.98,7165.88,7166.48,24.150,1577818019999,173067.49320,74,7.379,52882.61432,0
1577818020000,7166.01,7166.75,7166,7166.75,24.416,1577818079999,174971.80051,31,8.262,59210.32420,0
1577818080000,7166.74,7166.74,7163.92,7165.04,32.214,1577818139999,230819.62595,64,6.896,49409.86600,0
1577818140000,7165.04,7165.98,7163.96,7165.21,29.609,1577818199999,212153.77040,85,15.142,108497.85207,0
1577818200000,7165.01,7165.01,7154.19,7156.35,109.979,1577818259999,787371.35378,190,40.003,286312.93921,0
1577818260000,7156.67,7158.23,7154.58,7155.91,55.237,1577818319999,395296.08029,76,35.971,257431.69625,0
1577818320000,7156.24,7158.17,7155.43,7156.90,128.984,1577818379999,923086.96133,101,67.799,485217.48464,0
1577818380000,7157.06,7159,7157.06,7159,66.453,1577818439999,475668.08273,51,42.965,307538.38718,0
1577818440000,7157.48,7159.04,7153.27,7153.88,108.410,1577818499999,775893.81866,112,18.500,132412.06635,0
1577818500000,7153.84,7158.21,7153.69,7158.21,79.522,1577818559999,569120.43005,83,76.826,549826.30247,0
1577818560000,7159,7163.41,7158.97,7159.16,110.750,1577818619999,793064.76246,127,56.895,407379.93326,0
1577818620000,7159.16,7160.50,7159,7160,42.559,1577818679999,304715.46330,34,20.158,144325.11968,0
1577818680000,7160.15,7163,7160.15,7163,29.749,1577818739999,213059.47134,34,28.954,207365.46579,0
1577818740000,7163,7165.78,7162.99,7164.97,56.115,1577818799999,402015.85134,64,47.147,337760.71213,0
1577818800000,7165.08,7165.08,7161,7163.26,97.753,1577818859999,700221.05287,96,34.932,250220.02533,0
1577818860000,7163.21,7163.21,7156,7156,65.017,1577818919999,465576.31438,90,9.244,66205.58635,0
1577818920000,7156.53,7160.02,7156.52,7156.80,64.357,1577818979999,460663.52657,80,41.263,295356.91566,0
1577818980000,7157.14,7158.15,7155,7155.05,44.483,1577819039999,318342.00818,42,8.032,57491.92515,0
1577819040000,7155.83,7158.41,7154.18,7154.97,28.465,1577819099999,203698.13500,47,12.963,92773.16063,0
1577819100000,7154.98,7157.40,7154.18,7156.54,30.877,1577819159999,220954.86166,40,21.350,152790.36052,0
1577819160000,7156.73,7157.14,7156.66,7157.04,3,1577819219999,21470.68621,10,0.850,6083.56671,0
1577819220000,7157.15,7157.15,7156.37,7156.93,10.966,1577819279999,78483.37559,21,2.288,16375.14705,0
1577819280000,7156.96,7158.35,7156.60,7158.34,26.692,1577819339999,191046.05965,33,23.985,171672.72499,0
1577819340000,7158.35,7160.42,7158.35,7160.31,13.335,1577819399999,95473.55372,21,9.648,69074.08897,0
1577819400000,7160.40,7160.40,7155.96,7156.59,76.684,1577819459999,548928.06936,79,18.782,134424.99280,0
1577819460000,7157.11,7157.19,7157.03,7157.12,2.399,1577819519999,17170.02060,15,2.053,14693.67782,0
1577819520000,7157.12,7157.13,7157,7157.11,2.356,1577819579999,16862.02828,22,0.817,5847.36053,0
1577819580000,7157.12,7157.12,7155.80,7155.87,9.532,1577819639999,68218.62174,18,1.553,11114.99966,0
1577819640000,7155.82,7155.82,7155.30,7155.50,7.817,1577819699999,55934.80804,20,0.718,5137.74869,0
1577819700000,7155,7166.58,7152.32,7165.51,170.852,1577819759999,1222764.62932,231,144.203,1032045.86317,0
1577819760000,7165.02,7172.62,7162.43,7170.48,128.362,1577819819999,919982.78900,324,62.240,446167.07097,0
1577819820000,7171,7173.57,7167.74,7167.74,58.019,1577819879999,416063.18625,123,15.585,111783.12408,0
1577819880000,7168.25,7172.87,7168.18,7171.80,90.733,1577819939999,650580.68682,109,65.334,468432.47357,0
1577819940000,7171.80,7173.23,7171.42,7171.82,64.638,1577819999999,463602.54592,59,11.606,83239.18818,0
1577820000000,7171.54,7171.84,7165.15,7165.94,57.592,1577820059999,412876.37633,124,1.688,12099.09174,0
1577820060000,7165.99,7171.21,7165.99,7171.21,71.051,1577820119999,509349.25298,95,67.951,487127.18695,0
1577820120000,7170.73,7171.19,7169.77,7170,106.055,1577820179999,760456.64914,71,5.974,42833.85377,0
1577820180000,7170,7172.79,7168.29,7172.79,70.214,1577820239999,503477.16847,99,44.071,316040.09921,0
1577820240000,7172.79,7173,7170.51,7170.51,42.588,1577820299999,305448.52809,66,11.264,80791.27887,0
1577820300000,7170.58,7172.52,7169.97,7172.52,41.491,1577820359999,297539.92150,46,36.416,261150.38052,0
1577820360000,7172.38,7173.80,7172.38,7172.98,38.184,1577820419999,273893.44465,51,29.306,210212.11254,0
1577820420000,7172.99,7172.99,7172.42,7172.42,15.445,1577820479999,110782.16489,24,1.294,9281.64702,0
1577820480000,7172.40,7177,7172.40,7175.09,181.821,1577820539999,1304515.81267,170,104.381,748867.14752,0
1577820540000,7175.07,7175.28,7171.06,7171.31,55.674,1577820599999,399371.18671,84,24.943,178932.76506,0
1577820600000,7171.29,7171.85,7168.20,7168.20,77.013,1577820659999,552230.12057,98,37.479,268753.36036,0
1577820660000,7168.10,7174.01,7166.20,7174.01,87.453,1577820719999,627048.57140,110,70.211,503445.09005,0
1577820720000,7172.67,7173.15,7169.62,7171.89,84.270,1577820779999,604299.10632,95,33.640,241233.59515,0
1577820780000,7171.77,7172.18,7169.85,7169.85,56.369,1577820839999,404233.09036,77,3.133,22469.61269,0
1577820840000,7169.75,7169.83,7163.21,7168.65,98.089,1577820899999,702964.85859,130,62.081,444935.52597,0
1577820900000,7169.14,7169.18,7166,7166.88,17.194,1577820959999,123235.62798,49,12.454,89264.63315,0
1577820960000,7167.11,7170.08,7167.11,7167.93,32.501,1577821019999,232981.94389,39,15.228,109155.08740,0
1577821020000,7168.54,7169.71,7168.14,7169.71,3.703,1577821079999,26547.95392,10,3.634,26053.30411,0
1577821080000,7169.43,7171.62,7169.43,7171.30,21.935,1577821139999,157283.20383,27,21.618,155010.13509,0
1577821140000,7171.95,7173.97,7171.23,7171.23,60.319,1577821199999,432638.14155,70,13.028,93443.75988,0
1577821200000,7171.18,7171.18,7169.01,7169.01,32.672,1577821259999,234258.94920,55,10.551,75655.12972,0
1577821260000,7168.50,7168.87,7167,7167.10,36.786,1577821319999,263674.31289,49,27.190,194893.15147,0
1577821320000,7167,7170.66,7166.40,7170.50,49.935,1577821379999,357956.27096,57,41.129,294819.91374,0
1577821380000,7170.51,7170.51,7168,7168,26.108,1577821439999,187176.04291,29,0.272,1950.37221,0
1577821440000,7167.31,7170.42,7166.64,7170.42,56.593,1577821499999,405681.65762,60,53.404,382825.12058,0
1577821500000,7169.68,7169.68,7166.35,7166.95,34.320,1577821559999,245998.79560,35,0.654,4688.30697,0
1577821560000,7166.90,7171.07,7166.90,7171.07,28.302,1577821619999,202872.82197,32,25.661,183945.03706,0
1577821620000,7170.63,7176.98,7169.80,7176.60,68.680,1577821679999,492742.65780,75,61.458,440932.01792,0
1577821680000,7176.21,7176.36,7173.63,7174.94,57.671,1577821739999,413766.88014,70,23.504,168633.80261,0
1577821740000,7175,7181.84,7175,7181.64,154.284,1577821799999,1107490.50192,269,129.851,932105.63623,0
1577821800000,7181.53,7181.58,7175.53,7175.95,96.465,1577821859999,692404.53776,120,22.016,158032.70433,0
1577821860000,7175.54,7180.44,7174.72,7180.44,76.070,1577821919999,545937.34091,79,64.656,464034.96832,0
1577821920000,7179.48,7179.48,7176.12,7176.51,36.887,1577821979999,264769.13376,54,2.003,14376.38652,0
1577821980000,7176.44,7176.44,7174.55,7174.55,21.922,1577822039999,157301.47323,20,0.346,2482.63290,0
1577822040000,7174.59,7178.72,7174.35,7176.44,89.886,1577822099999,645031.57580,90,66.399,476458.87875,0
1577822100000,7176.12,7176.19,7175.43,7175.67,18.135,1577822159999,130134.36542,33,1.518,10892.44233,0
1577822160000,7175.29,7175.30,7173.58,7173.72,54.736,1577822219999,392703.31533,51,7.257,52062.57766,0
1577822220000,7173.71,7173.71,7171.56,7171.95,3.627,1577822279999,26013.48104,18,0.771,5529.77810,0
1577822280000,7171.82,7175.43,7171.01,7173.99,111.832,1577822339999,802232.54484,120,56.309,403909.70396,0
1577822340000,7173.31,7173.52,7168.15,7168.24,19.674,1577822399999,141075.12765,44,1.926,13810.94276,0
1577822400000,7168.58,7168.61,7163.59,7164.93,52.826,1577822459999,378538.12436,147,14.128,101236.70609,0
1577822460000,7164.59,7166.24,7163,7164.48,96.596,1577822519999,692108.43039,95,53,379732.97597,0
1577822520000,7164.92,7167.06,7161.40,7164.03,117.194,1577822579999,839607.36406,122,47.104,337479.51469,0
1577822580000,7164.03,7164.46,7163.97,7164,15.011,1577822639999,107539.02696,21,11.464,82128.28499,0
1577822640000,7164,7167.61,7163.94,7167.61,49.729,1577822699999,356325.98747,63,42.462,304256.14681,0
1577822700000,7167.67,7175.95,7167.67,7175.95,82.256,1577822759999,589966.17704,170,40.317,289156.45835,0
1577822760000,7175.94,7175.96,7169.10,7169.10,47.875,1577822819999,343405.38613,72,2.070,14845.89621,0
1577822820000,7169.08,7172.71,7168.28,7171,71.933,1577822879999,515790.48656,57,54.644,391804.43198,0
1577822880000,7170.95,7171,7167.99,7168.42,57.379,1577822939999,411418.24762,53,2.607,18693.36052,0
1577822940000,7167.66,7168.29,7167.40,7167.40,11.967,1577822999999,85778.57056,23,11.325,81176.91464,0
1577823000000,7167.53,7167.53,7166.47,7167.04,7.548,1577823059999,54095.20630,11,0.398,2852.58765,0
1577823060000,7167.04,7167.04,7165,7165,21.436,1577823119999,153608.85214,30,0.342,2451.04686,0
1577823120000,7165,7165.02,7161.43,7161.58,20.473,1577823179999,146669.84888,55,8.200,58745.04767,0
1577823180000,7161.23,7167.12,7160.31,7166.30,97.239,1577823239999,696663.25747,96,75.333,539708.09793,0
1577823240000,7167.01,7167.45,7164.01,7164.14,68.334,1577823299999,489720.46044,75,5.382,38573.89197,0
1577823300000,7164.15,7165.96,7162.38,7165.96,53.954,1577823359999,386523.70376,65,45.598,326668.59450,0
1577823360000,7165.96,7170.97,7165.90,7170.79,37.906,1577823419999,271713.59615,63,35.683,255778.53130,0
1577823420000,7170.90,7175.82,7169.89,7172.45,82.469,1577823479999,591511.72945,114,38.392,275371.61425,0
1577823480000,7172.46,7173.64,7168.96,7168.98,44.287,1577823539999,317613.63031,66,8.708,62457.20543,0
1577823540000,7169.63,7172.74,7169.63,7170.48,67.572,1577823599999,484542.84677,70,30.695,220089.78270,0
1577823600000,7170.60,7173,7169.59,7172.99,32.882,1577823659999,235808.91666,48,28.346,203284.65881,0
1577823660000,7173,7173,7171.35,7171.35,22.189,1577823719999,159138.73297,37,0.990,7101.27000,0
1577823720000,7170.97,7172.12,7169.02,7172.12,64.615,1577823779999,463323.05676,43,42.219,302734.46446,0
1577823780000,7172.56,7172.56,7171.60,7172.26,8.850,1577823839999,63473.37484,15,4.746,34039.44012,0
1577823840000,7172.68,7173.64,7172.68,7173.55,12.229,1577823899999,87719.37758,23,10.865,77935.44172,0
1577823900000,7173.61,7174.09,7172.04,7173.03,17.491,1577823959999,125459.15514,20,10.323,74042.67522,0
1577823960000,7172.96,7173.14,7172.96,7173.14,7.686,1577824019999,55131.75846,8,7.686,55131.75846,0
1577824020000,7173.38,7173.38,7170.17,7170.17,116.361,1577824079999,834571.80713,126,0.936,6713.59919,0
1577824080000,7170.18,7170.18,7167.26,7167.26,52.832,1577824139999,378712.71918,58,4.005,28710.91645,0
1577824140000,7168.75,7169.54,7168.13,7169.43,22.391,1577824199999,160524.89356,48,11.502,82459.03224,0
1577824200000,7169.38,7169.40,7169,7169.07,4.160,1577824259999,29823.62269,14,3.924,28131.72546,0
1577824260000,7169.09,7169.09,7167.32,7167.32,26.810,1577824319999,192171.63401,31,6.217,44563.49524,0
1577824320000,7167.69,7167.69,7166.83,7167.15,15.495,1577824379999,111055.35642,49,0.324,2322.22274,0
1577824380000,7167.21,7167.24,7166.87,7166.91,4.140,1577824439999,29671.19373,8,4.130,29599.52503,0
1577824440000,7166.99,7167.59,7166.91,7167,21.065,1577824499999,150976.80176,26,18.770,134528.54496,0
1577824500000,7167.39,7167.48,7167.12,7167.32,2.051,1577824559999,14700.41278,8,1.968,14105.53902,0
1577824560000,7167.67,7167.67,7166,7166,3.533,1577824619999,25320.62482,24,0.379,2716.42326,0
1577824620000,7166,7166.01,7165.26,7165.39,1.661,1577824679999,11902.45670,14,0.296,2121.11952,0
1577824680000,7165.40,7168,7165.40,7168,37.563,1577824739999,269211.84266,51,35.737,256126.79146,0
1577824740000,7168,7171.21,7168,7171.21,41.688,1577824799999,298862.99918,38,37.567,269311.10783,0
1577824800000,7171.21,7184.35,7171.21,7178.19,104.927,1577824859999,753362.00902,223,65.787,472314.42544,0
1577824860000,7178.18,7180.19,7173.98,7175.86,108.797,1577824919999,780872.21812,140,41.495,297786.20011,0
1577824920000,7176.81,7176.81,7172.03,7172.03,20.843,1577824979999,149555.69184,37,0.395,2833.94889,0
1577824980000,7172.31,7173.15,7167.43,7173.15,78.835,1577825039999,565278.53070,131,46.255,331692.10703,0
1577825040000,7173.44,7174.54,7166.88,7170.11,88.007,1577825099999,631111.49642,95,39.199,281027.50827,0
1577825100000,7171.52,7173,7171.52,7171.87,32.113,1577825159999,230326.76397,25,9.824,70458.64732,0
1577825160000,7171.65,7171.65,7169.70,7170.92,15.158,1577825219999,108694.00229,25,1.942,13924.22073,0
1577825220000,7170.92,7170.92,7167.78,7169.19,29.822,1577825279999,213815.41167,32,5.841,41874.96063,0
1577825280000,7169.57,7169.58,7169.10,7169.10,7.879,1577825339999,56488.23540,16,0.109,781.48421,0
1577825340000,7168.80,7168.81,7167.94,7168.77,1.681,1577825399999,12050.68427,15,1.211,8681.36563,0
1577825400000,7168.41,7168.41,7164.86,7168.05,18.744,1577825459999,134335.20576,47,5.692,40798.15225,0
1577825460000,7168.47,7168.80,7167.16,7168.54,7.248,1577825519999,51954.32609,18,0.029,207.87420,0
1577825520000,7168.24,7168.24,7167.50,7167.50,1.783,1577825579999,12780.68796,11,1.066,7641.21678,0
1577825580000,7167.52,7167.52,7164.86,7164.86,22.436,1577825639999,160784.21189,32,0.369,2644.81313,0
1577825640000,7165.52,7167.12,7164.87,7167.12,11.213,1577825699999,80356.04818,24,9.957,71356.11540,0
1577825700000,7167.12,7168,7167.12,7167.27,5.795,1577825759999,41534.09403,16,4.247,30438.92382,0
1577825760000,7167.21,7167.21,7166.62,7166.63,17.546,1577825819999,125751.69619,15,7.120,51027.44676,0
1577825820000,7166.63,7166.63,7165.60,7166.11,19.974,1577825879999,143138.08896,29,6.649,47646.72373,0
1577825880000,7166.64,7171.35,7166.64,7171.35,59.484,1577825939999,426421.22898,56,57.344,411076.19785,0
1577825940000,7170.85,7171.74,7170.80,7170.96,24.142,1577825999999,173124.13617,22,15.022,107722.90063,0
1577826000000,7170.97,7170.99,7166.93,7167.24,54.615,1577826059999,391559.55000,75,1.155,8279.59760,0
1577826060000,7167.06,7168.81,7166.80,7167.92,15.919,1577826119999,114104.11718,19,14.375,103037.94221,0
1577826120000,7167.89,7168.47,7167.49,7167.49,7.601,1577826179999,54482.45968,16,1,7168.46591,0
1577826180000,7167.40,7167.40,7166.16,7166.41,9.103,1577826239999,65238.09185,19,0.026,186.33854,0
1577826240000,7166.20,7168.85,7166.19,7168.49,41.858,1577826299999,300029.26251,29,36.141,259047.41955,0
1577826300000,7168.49,7168.96,7168.20,7168.20,1.736,1577826359999,12444.60013,5,0.700,5018.12000,0
1577826360000,7167.91,7168.77,7167.91,7168.77,1.248,1577826419999,8946.23950,4,0.939,6731.35531,0
1577826420000,7168.82,7170,7168.51,7168.98,13.626,1577826479999,97690.35183,14,12.115,86858.51248,0
1577826480000,7169.09,7169.52,7169.09,7169.40,2.495,1577826539999,17887.30459,8,0.294,2107.82440,0
1577826540000,7169.53,7176.12,7169.53,7176.09,33.456,1577826599999,239951.11593,95,30.618,219594.68714,0
1577826600000,7176.31,7178.14,7175.23,7177.80,27.810,1577826659999,199584.77035,47,6.155,44176.97275,0
1577826660000,7177.83,7177.83,7171.02,7177,105.746,1577826719999,758669.37462,100,61.896,444012.76333,0
1577826720000,7175.65,7178.61,7173.79,7174.11,121.152,1577826779999,869413.20906,111,10.761,77220.88767,0
1577826780000,7174.05,7177.01,7174.05,7177.01,19.392,1577826839999,139134.74110,20,19.392,139134.74110,0
1577826840000,7177.01,7178.70,7177.01,7177.73,43.307,1577826899999,310852.42630,60,38.143,273785.17575,0
1577826900000,7177.99,7178,7170.01,7171.84,80.212,1577826959999,575560.61996,114,13.827,99214.77479,0
1577826960000,7170.99,7173.15,7170.99,7171.16,12.701,1577827019999,91085.66596,19,11.708,83963.32816,0
1577827020000,7171.88,7174.44,7171.10,7174.44,60.961,1577827079999,437232.49085,60,60.659,435065.99648,0
1577827080000,7174.50,7175,7171.94,7172.19,61.097,1577827139999,438292.63264,58,2.097,15045.87426,0
1577827140000,7172.18,7173.87,7171.21,7173.85,56.321,1577827199999,403970.72045,57,47.733,342365.86644,0
1577827200000,7174.07,7174.07,7173.83,7173.85,14.775,1577827259999,105995.30767,11,5.763,41342.94769,0
1577827260000,7173.86,7175,7173.86,7174.63,27.747,1577827319999,199063.28039,35,27.507,197341.38503,0
1577827320000,7175,7177.61,7175,7177.61,5.712,1577827379999,40992.43549,15,3.788,27184.72095,0
1577827380000,7177.28,7177.28,7173.58,7173.58,51.855,1577827439999,372094.45361,60,0.552,3960.29784,0
1577827440000,7173.38,7176.33,7173.37,7176.33,14.209,1577827499999,101935.97755,14,13.251,95062.77049,0
1577827500000,7176.12,7176.12,7174.30,7174.63,7.892,1577827559999,56621.52890,9,1.010,7246.37620,0
1577827560000,7174.63,7178,7174.63,7178,40.724,1577827619999,292228.07323,37,40.724,292228.07323,0
1577827620000,7178.37,7181.83,7178.37,7181.83,43.551,1577827679999,312700.19412,62,41.152,295478.81780,0
1577827680000,7181.41,7181.41,7180,7180.98,128.408,1577827739999,921973.78790,118,9.867,70848.11165,0
1577827740000,7180.98,7181,7180.52,7180.52,4.993,1577827799999,35853.41316,11,2.108,15137.47858,0
1577827800000,7180.21,7181.85,7180.21,7181.36,12.987,1577827859999,93260.96113,29,8.729,62683.25066,0
1577827860000,7181.31,7181.31,7180,7180.01,77.896,1577827919999,559299.75534,61,11.504,82599.49719,0
1577827920000,7180.02,7182.61,7180.01,7181.92,17.063,1577827979999,122525.98064,45,16.245,116652.70947,0
1577827980000,7181.95,7182.13,7180.68,7180.68,51.573,1577828039999,370341.63690,40,9.538,68495.96634,0
1577828040000,7180.69,7180.75,7175.32,7178.30,75.991,1577828099999,545479.96996,92,26.791,192279.17020,0
1577828100000,7178.30,7179.03,7178.07,7179.03,2.190,1577828159999,15721.90115,8,2.018,14487.27311,0
1577828160000,7179.03,7180.32,7178.70,7180.32,29.701,1577828219999,213236.16711,37,9.334,67017.20619,0
1577828220000,7180.44,7181.07,7180.44,7180.87,12.662,1577828279999,90925.03119,23,7.056,50668.85051,0
1577828280000,7180.93,7181.66,7180.93,7181.66,10.285,1577828339999,73860.92549,19,8.548,61386.67713,0
1577828340000,7181.48,7181.48,7177.08,7178.91,59.700,1577828399999,428593.15555,72,33.083,237473.01186,0
1577828400000,7179.62,7180.85,7179.62,7180.85,4.450,1577828459999,31949.75498,12,4.261,30592.67809,0
1577828460000,7180.85,7180.94,7180.19,7180.19,17.983,1577828519999,129132.50322,21,0.626,4495.23769,0
1577828520000,7180,7180.94,7180,7180.72,13.119,1577828579999,94204.40812,22,0.332,2383.76811,0
1577828580000,7179.89,7179.89,7178.23,7178.38,17.035,1577828639999,122299.18422,24,1.389,9971.27138,0
1577828640000,7178.38,7181.27,7178.38,7181.27,36.734,1577828699999,263740.96019,47,30.736,220670.23456,0
1577828700000,7181.49,7182,7181.49,7182,6.583,1577828759999,47276.82257,21,1.918,13774.36937,0
1577828760000,7182,7182.43,7182,7182.28,13.700,1577828819999,98397.21686,24,11.545,82919.39154,0
1577828820000,7182.26,7182.27,7180.61,7181.20,15.012,1577828879999,107810.56995,27,2.065,14830.18585,0
1577828880000,7180.96,7181.95,7180.95,7181.95,21.853,1577828939999,156933.39456,29,21.303,152983.52020,0
1577828940000,7182.15,7182.15,7179.45,7180.17,39.111,1577828999999,280847.64230,52,3.807,27335.36095,0
1577829000000,7180.18,7180.38,7176.62,7177.58,39.774,1577829059999,285519.96544,63,20.272,145519.85056,0
1577829060000,7177.58,7178.89,7177.58,7178.89,9.628,1577829119999,69108.80114,24,9.628,69108.80114,0
1577829120000,7178.89,7179.81,7178.89,7179.24,12.301,1577829179999,88311.44720,23,8.011,57511.21805,0
1577829180000,7179.22,7179.31,7179.17,7179.30,1.039,1577829239999,7459.20582,14,0.736,5283.91531,0
1577829240000,7179.31,7181.10,7179.26,7181.10,18.547,1577829299999,133164.63719,28,17.435,125180.72302,0
1577829300000,7180.63,7180.63,7179.88,7180.05,8.853,1577829359999,63567.21524,8,0,0,0
1577829360000,7180.48,7181.37,7180.48,7181.30,5.982,1577829419999,42954.61864,22,0.803,5766.28291,0
1577829420000,7181.06,7181.35,7181,7181.24,1.683,1577829479999,12085.82488,9,0.200,1436.27000,0
1577829480000,7181.24,7181.24,7181.16,7181.22,8.310,1577829539999,59675.84280,9,0,0,0
1577829540000,7181.50,7183.14,7181.16,7181.16,54.507,1577829599999,391486.47054,76,10.953,78668.29921,0
1577829600000,7181.16,7181.94,7177.19,7180.61,37.907,1577829659999,272155.67953,92,23.957,172010.53906,0
1577829660000,7180.61,7180.61,7180.25,7180.25,1.147,1577829719999,8236.08344,11,0.166,1191.97220,0
1577829720000,7180.25,7180.28,7180.24,7180.28,0.664,1577829779999,4767.70105,5,0.660,4738.98009,0
1577829780000,7180.25,7184,7180.25,7184,59.129,1577829839999,424657.90277,69,57.141,410377.55661,0
1577829840000,7184,7185,7181.50,7183.13,26.138,1577829899999,187758.69121,65,5.747,41285.65987,0
1577829900000,7182.81,7184.01,7180.85,7181.60,48.722,1577829959999,349971.79439,40,0.143,1026.98493,0
1577829960000,7181.72,7181.75,7179.88,7180.40,13.605,1577830019999,97692.07921,32,2.106,15124.06672,0
1577830020000,7180.56,7184.49,7180.46,7183.75,56.292,1577830079999,404314.71477,67,54.486,391341.74530,0
1577830080000,7183.79,7188,7183.63,7187.34,73.428,1577830139999,527606.54528,154,65.051,467422.22820,0
1577830140000,7186.66,7187.67,7186.10,7187.67,27.958,1577830199999,200932.43342,70,17.414,125159.64287,0
1577830200000,7187.67,7188,7187.33,7187.74,10.327,1577830259999,74226.84767,63,5.925,42587.13139,0
1577830260000,7187.91,7189.57,7187.91,7188.77,47.665,1577830319999,342638.62816,98,42.634,306474.81862,0
1577830320000,7188.58,7189.17,7187.38,7188.37,29.666,1577830379999,213252.74806,80,17.454,125471.11176,0
1577830380000,7188.66,7188.66,7187.83,7187.91,7.703,1577830439999,55369.45251,48,0.417,2997.57755,0
1577830440000,7187.92,7187.92,7184.52,7186.16,26.673,1577830499999,191685.11175,54,0.490,3521.23060,0
1577830500000,7186.10,7186.16,7184.19,7184.90,16.623,1577830559999,119438.47658,41,0.280,2012.11070,0
1577830560000,7185.14,7186.16,7185.07,7186.15,10.299,1577830619999,74008.44128,27,10.122,72736.52917,0
1577830620000,7186.15,7187.99,7186.15,7187.99,24.314,1577830679999,174738.18978,48,24.287,174544.11693,0
1577830680000,7187.99,7189,7187.93,7189,18.509,1577830739999,133050.61106,39,17.995,129355.53177,0
1577830740000,7188.88,7189.17,7187.47,7187.94,20.208,1577830799999,145264.23000,41,2.036,14636.67691,0
1577830800000,7188.33,7188.52,7187.01,7187.01,9.114,1577830859999,65508.95618,30,2.028,14577.61903,0
1577830860000,7187.29,7188.45,7187.29,7188.44,13.321,1577830919999,95749.37392,29,12.699,91278.20248,0
1577830920000,7188.38,7188.38,7187.50,7188,11.119,1577830979999,79922.31734,41,7.605,54664.83363,0
1577830980000,7187.87,7188.08,7185.03,7185.03,51.909,1577831039999,373083.20504,79,12.638,90842.65662,0
1577831040000,7185.04,7185.04,7181.99,7181.99,16.542,1577831099999,118816.36910,52,4.692,33700.77329,0
1577831100000,7181.92,7182,7181.85,7182,5.056,1577831159999,36312.14519,27,4.187,30071.02904,0
1577831160000,7182,7185.26,7181.95,7185.24,31.074,1577831219999,223192.93269,50,29.246,210063.65694,0
1577831220000,7185.25,7186.60,7184.85,7186.60,12.949,1577831279999,93041.28571,33,6.097,43807.67078,0
1577831280000,7186.51,7187.06,7186.50,7187.06,6.867,1577831339999,49351.81354,23,4.858,34913.90047,0
1577831340000,7187.05,7187.62,7187,7187.62,3.107,1577831399999,22330.80784,21,2.915,20950.84594,0
1577831400000,7187.56,7188,7185.93,7187.66,33.420,1577831459999,240185.85063,44,0.801,5757.28593,0
1577831460000,7187.66,7187.66,7185.46,7186.29,22.737,1577831519999,163400.96354,52,1.727,12410.91354,0
1577831520000,7186.19,7186.53,7185.41,7186.31,13.530,1577831579999,97225.37242,33,4.812,34580.16560,0
1577831580000,7186.53,7187.89,7185.91,7186.96,15.209,1577831639999,109308.86066,32,8.553,61473.69273,0
1577831640000,7187.83,7188.12,7187.82,7188.12,44.483,1577831699999,319743.92622,47,44.333,318665.71080,0
1577831700000,7188.12,7190,7188.12,7190,28.258,1577831759999,203159.54428,82,27.163,195287.00039,0
1577831760000,7190,7192.93,7189.89,7192.92,47.673,1577831819999,342836.71841,127,31.374,225614.91576,0
1577831820000,7192.92,7192.93,7192.88,7192.88,34.787,1577831879999,250219.88894,110,16.892,121502.85851,0
1577831880000,7192.89,7192.89,7192.45,7192.50,52.361,1577831939999,376610.83890,67,32.406,233080.14661,0
1577831940000,7192.50,7194,7190,7190.10,55.834,1577831999999,401579.01691,151,15.397,110755.79526,0
1577832000000,7190.10,7191.05,7186.93,7186.93,43.838,1577832059999,315171.90258,90,9.191,66088.29188,0
1577832060000,7188.51,7188.51,7187.58,7187.96,9.863,1577832119999,70895.10487,45,1.049,7540.41700,0
1577832120000,7187.99,7187.99,7185.62,7186.56,27.457,1577832179999,197322.63274,72,8.061,57928.40617,0
1577832180000,7186.26,7188,7186.26,7187.02,27.480,1577832239999,197520.60674,45,22.483,161604.77656,0
1577832240000,7187.97,7187.98,7185.62,7186.55,27.725,1577832299999,199250.44585,75,0.568,4082.76406,0
1577832300000,7186.31,7189.55,7186.31,7189.12,39.254,1577832359999,282161.00464,75,34.486,247883.77758,0
1577832360000,7189.58,7191.38,7189.12,7191.35,54.614,1577832419999,392663.80460,80,50.025,359671.97658,0
1577832420000,7191.37,7194.50,7191.36,7194.50,11.027,1577832479999,79314.52124,49,9.722,69929.78979,0
1577832480000,7194.50,7194.50,7191.54,7191.54,97.207,1577832539999,699232.07058,140,9.717,69895.27523,0
1577832540000,7192.40,7192.40,7190.89,7192.03,3.167,1577832599999,22776.94071,24,2.069,14880.24947,0
1577832600000,7192.26,7198,7191.82,7196.97,95.640,1577832659999,688150.97045,183,86.443,621969.00896,0
1577832660000,7196.99,7199.95,7196.98,7199.95,94.076,1577832719999,677210.87471,163,61.912,445683.55288,0
1577832720000,7199.95,7199.98,7198.84,7198.84,84.727,1577832779999,610015.76202,136,24.910,179349.75056,0
1577832780000,7198.84,7198.99,7196.96,7196.96,16.145,1577832839999,116217.32205,65,2.213,15929.05063,0
1577832840000,7196.56,7198.86,7196.56,7198.86,37.294,1577832899999,268446.28429,65,31.719,228317.35966,0
1577832900000,7198.86,7198.87,7197.76,7197.90,16.675,1577832959999,120032.70135,34,2.154,15506.21506,0
1577832960000,7198.34,7199.28,7198.10,7199.07,2.113,1577833019999,15211.04375,26,1.251,9005.66507,0
1577833020000,7198.63,7198.67,7197.30,7197.99,30.025,1577833079999,216112.59009,57,6.891,49600.35457,0
1577833080000,7198,7198.98,7198,7198.47,7.153,1577833139999,51491.96266,18,4.275,30774.65328,0
1577833140000,7198.50,7198.50,7194.64,7194.99,36.208,1577833199999,260557.00044,68,5.083,36573.37381,0
1577833200000,7195.04,7197.56,7194.99,7197.53,2.978,1577833259999,21430.83089,16,1.419,10212.02300,0
1577833260000,7197.53,7198,7197.53,7198,4.950,1577833319999,35629.83200,10,0.150,1079.67900,0
1577833320000,7198.01,7198.81,7195.71,7196.13,12.791,1577833379999,92068.58849,36,7.804,56175.74886,0
1577833380000,7196.31,7196.31,7188.37,7188.37,49.661,1577833439999,357165.90526,128,10.028,72133.89378,0
1577833440000,7188.23,7190,7187.38,7188.47,23.437,1577833499999,168475.21778,73,4.304,30940.20220,0
1577833500000,7188.47,7192.97,7188.47,7192.71,73.894,1577833559999,531271.30376,80,59.134,425162.50662,0
1577833560000,7192.80,7193.82,7188.88,7188.91,76.556,1577833619999,550583.44181,87,1.722,12385.35476,0
1577833620000,7188.91,7190.21,7188.88,7189.98,19.623,1577833679999,141083.61771,36,14.020,100800.79151,0
1577833680000,7190.18,7190.18,7189.39,7190,5.490,1577833739999,39472.49511,36,0.048,345.12528,0
1577833740000,7190.01,7190.01,7190,7190.01,13.777,1577833799999,99056.69578,20,5.989,43060.96989,0
1577833800000,7190.02,7190.03,7190.01,7190.03,4.858,1577833859999,34929.11440,13,3.536,25423.91102,0
1577833860000,7190.03,7193.38,7190.03,7192.88,32.982,1577833919999,237171.32634,50,30.926,222381.89934,0
1577833920000,7193.46,7193.66,7193.45,7193.65,6.577,1577833979999,47311.76025,13,4.917,35370.30125,0
1577833980000,7193.66,7194.66,7193.66,7194.55,9.354,1577834039999,67296.60603,20,4.106,29539.69355,0
1577834040000,7194.46,7195.84,7194.39,7195.24,14.427,1577834099999,103801.71040,18,14.231,102391.48789,0
1577834100000,7195.36,7195.52,7191.98,7191.98,69.472,1577834159999,499824.53955,90,1.339,9634.55740,0
1577834160000,7191.88,7194.06,7191.88,7194.06,46.580,1577834219999,335045.77384,60,35.980,258797.53859,0
1577834220000,7194.05,7194.05,7189.27,7189.27,42.234,1577834279999,303752.76664,68,12.980,93368.12855,0
1577834280000,7189.03,7189.03,7186.30,7186.30,63.981,1577834339999,459936.50936,95,1.245,8949.69475,0
1577834340000,7186.23,7191.38,7185.17,7191.38,94.192,1577834399999,677005.81428,106,82.237,591095.64160,0
1577834400000,7189.93,7189.93,7185.83,7185.83,53.011,1577834459999,381024.99949,81,0.153,1099.88334,0
1577834460000,7185.83,7185.83,7185.39,7185.54,8.825,1577834519999,63413.54275,53,0.818,5877.76922,0
1577834520000,7185.53,7188.97,7183.83,7188.31,94.819,1577834579999,681337.88320,129,75.749,544327.14116,0
1577834580000,7188.49,7188.49,7187.75,7187.85,26.294,1577834639999,189002.45332,38,0.908,6526.50208,0
1577834640000,7188.08,7188.08,7183,7183,59.858,1577834699999,430129.64450,74,0.392,2816.19471,0
1577834700000,7183,7183.87,7183,7183.40,14.355,1577834759999,103112.95610,53,10.090,72477.31824,0
1577834760000,7183.39,7185.54,7183.39,7185.12,55.316,1577834819999,397427.69400,51,35.015,251563.76915,0
1577834820000,7185.64,7186.92,7185.64,7186.92,8.722,1577834879999,62681.04316,13,7.292,52404.26909,0
1577834880000,7187.21,7187.63,7185.37,7185.46,50.641,1577834939999,363917.86986,49,3.086,22179.15882,0
1577834940000,7185.38,7186.52,7184.89,7185.88,7.818,1577834999999,56180.06733,25,4.968,35702.34455,0
1577835000000,7185.89,7185.89,7182.28,7182.57,29.316,1577835059999,210603.43608,72,0.310,2226.69128,0
1577835060000,7182.53,7182.57,7179.26,7181.50,52.123,1577835119999,374290.28436,127,24.364,174959.51038,0
1577835120000,7182.02,7182.02,7180.80,7181.28,11.154,1577835179999,80100.73691,37,3.620,25997.16729,0
1577835180000,7181.29,7182.30,7181.29,7182.29,15.531,1577835239999,111536.16157,45,10.333,74206.63713,0
1577835240000,7182.29,7183.90,7182.29,7183.60,18.713,1577835299999,134413.40153,35,17.529,125908.23550,0
1577835300000,7183.65,7185.73,7183.65,7185.35,41.395,1577835359999,297400.35241,40,30.598,219830.68772,0
1577835360000,7184.92,7185.01,7182.59,7183.14,20.165,1577835419999,144874.01664,42,1.030,7399.21478,0
1577835420000,7183.14,7183.14,7182.72,7183,12.003,1577835479999,86217.29672,20,0.215,1544.34794,0
1577835480000,7183,7185.47,7182.99,7185.47,41.266,1577835539999,296453.97304,43,41.260,296410.87510,0
1577835540000,7185.98,7187.63,7185.98,7187.63,7.855,1577835599999,56451.57430,14,6.600,47433.05820,0
1577835600000,7187.42,7188.17,7187.40,7188.17,5.196,1577835659999,37347.33458,8,2.196,15785.13458,0
1577835660000,7188.22,7188.82,7188.22,7188.81,11.836,1577835719999,85084.07840,19,6.750,48523.86506,0
1577835720000,7188.80,7190.55,7188.80,7190.55,28.671,1577835779999,206126.33130,23,27.121,194981.89330,0
1577835780000,7190.64,7191,7190.61,7191,11.740,1577835839999,84421.67929,35,1.598,11491.18366,0
1577835840000,7191,7191,7189.66,7190.27,36.708,1577835899999,263946.61452,69,0.301,2164.47758,0
1577835900000,7190.31,7190.31,7189.73,7189.77,9.025,1577835959999,64890.84461,25,0.488,3508.75948,0
1577835960000,7189.73,7191,7189.67,7191,14.760,1577836019999,106130.20478,34,11.790,84774.54168,0
1577836020000,7191,7192.51,7191,7192.51,14.371,1577836079999,103350.68154,18,10.115,72743.03752,0
1577836080000,7192.50,7193,7192.50,7192.98,2.744,1577836139999,19737.08155,8,1.898,13651.81686,0
1577836140000,7192.98,7192.99,7188.06,7188.15,58.264,1577836199999,418977.73025,83,6.311,45390.98540,0
1577836200000,7188.56,7191.58,7188.55,7189.31,25.045,1577836259999,180070.52762,33,23.839,171400.72325,0
1577836260000,7190.07,7194,7190.07,7194,85.104,1577836319999,612122.05428,58,77.104,554580.70456,0
1577836320000,7193.99,7198.13,7193.99,7198.13,29.277,1577836379999,210657.65522,53,25.306,182082.16699,0
1577836380000,7198.13,7198.13,7194,7195.28,74.766,1577836439999,538065.73523,89,7.941,57147.83964,0
1577836440000,7195.54,7199,7195.21,7198.55,31.249,1577836499999,224911.92630,53,25.276,181933.36421,0
1577836500000,7198.55,7199.73,7198.55,7199.73,34.246,1577836559999,246541.48594,39,32.050,230732.13040,0
1577836560000,7199.69,7199.98,7187.96,7189.27,145.662,1577836619999,1048259.84982,231,25.030,180190.34462,0
1577836620000,7187.40,7189.49,7185.87,7186.90,24.952,1577836679999,179363.75399,77,15.609,112206.83269,0
1577836680000,7186.89,7189,7186.89,7189,74.694,1577836739999,536891.35309,73,59.765,429574.60313,0
1577836740000,7189,7189.54,7188.88,7189,22.243,1577836799999,159912.61927,28,6.196,44543.87764,0
